time;Tac;hs;Rg;u;Ca;Pa
2012-07-01 00:00;21.69;78.9;0;0.359;400;101.3
2012-07-01 01:00;21.96;74.7;0;0.256;400;101.3
2012-07-01 02:00;22.36;76.1;0;0.202;400;101.3
2012-07-01 03:00;22.16;52.88;0;0.703;400;101.3
2012-07-01 04:00;22.02;49.16;0;0.918;400;101.3
2012-07-01 05:00;21.76;49.16;7.86;0.901;400;101.3
2012-07-01 06:00;22.02;49.09;25.83;0.943;400;101.3
2012-07-01 07:00;22.37;59.12;33.22;0.996;400;101.3
2012-07-01 08:00;22.3;59.05;32.81;1.031;400;101.3
2012-07-01 09:00;21.68;53.36;105.22;1.322;400;101.3
2012-07-01 10:00;20.26;60.19;130.14;2.038;400;101.3
2012-07-01 11:00;18.98;70.4;136.36;1.417;400;101.3
2012-07-01 12:00;19.74;68.34;88.56;0.896;400;101.3
2012-07-01 13:00;18.18;70.8;111.89;1.506;400;101.3
2012-07-01 14:00;18.53;76.2;277.5;1.771;400;101.3
2012-07-01 15:00;18.79;70.4;231.67;1.324;400;101.3
2012-07-01 16:00;16.9;78.5;14.39;1.138;400;101.3
2012-07-01 17:00;17.17;81;12.65;0.785;400;101.3
2012-07-01 18:00;17.65;78.3;10.64;1.401;400;101.3
2012-07-01 19:00;17.52;84.6;7.79;1.126;400;101.3
2012-07-01 20:00;16.84;83.4;2.34;1.1;400;101.3
2012-07-01 21:00;16.98;79.8;0;0.981;400;101.3
2012-07-01 22:00;16.51;82.9;0;0.216;400;101.3
2012-07-01 23:00;16.38;85.5;0;0.66;400;101.3
2012-07-02 00:00;15.56;78.7;0.6;1.046;400;101.3
2012-07-02 01:00;15.16;77.2;0;0.505;400;101.3
2012-07-02 02:00;15.43;70.9;0.53;1.067;400;101.3
2012-07-02 03:00;15.9;68.24;0.71;1.249;400;101.3
2012-07-02 04:00;15.7;68.24;0;0.742;400;101.3
2012-07-02 05:00;15.29;68.03;10.47;0.667;400;101.3
2012-07-02 06:00;16.45;61.8;105.64;0.938;400;101.3
2012-07-02 07:00;20.09;55.35;330;1.591;400;101.3
2012-07-02 08:00;22.1;47.95;529.44;1.531;400;101.3
2012-07-02 09:00;22.97;44.35;632.78;1.325;400;101.3
2012-07-02 10:00;24.1;35;795.28;1.017;400;101.3
2012-07-02 11:00;24.02;38.23;713.33;1.104;400;101.3
2012-07-02 12:00;25.56;37.15;579.44;1.041;400;101.3
2012-07-02 13:00;26.78;37.21;522.22;1.059;400;101.3
2012-07-02 14:00;25.69;35.11;510;1.328;400;101.3
2012-07-02 15:00;25.83;43.7;303.89;1.496;400;101.3
2012-07-02 16:00;26.36;38.42;411.39;1.223;400;101.3
2012-07-02 17:00;26.5;39.17;269.17;0.901;400;101.3
2012-07-02 18:00;25.7;43.84;174.97;0.992;400;101.3
2012-07-02 19:00;24.69;46.15;35.19;0.845;400;101.3
2012-07-02 20:00;22;49.75;0.66;0.805;400;101.3
2012-07-02 21:00;20.26;56.4;0;0.421;400;101.3
2012-07-02 22:00;18.92;62.24;0;0.143;400;101.3
2012-07-02 23:00;18.05;63.61;0;0.187;400;101.3
2012-07-03 00:00;17.65;63.48;0;0.329;400;101.3
2012-07-03 01:00;16.78;70.9;0;0.211;400;101.3
2012-07-03 02:00;16.17;69.32;0;0.164;400;101.3
2012-07-03 03:00;15.36;76.7;0;0.14;400;101.3
2012-07-03 04:00;15.57;70.6;0;0.321;400;101.3
2012-07-03 05:00;15.44;69.13;11.42;0.195;400;101.3
2012-07-03 06:00;19.84;58.01;142.39;0.467;400;101.3
2012-07-03 07:00;22.46;48.98;338.06;0.695;400;101.3
2012-07-03 08:00;25.01;36.43;507.5;0.577;400;101.3
2012-07-03 09:00;25.93;33.78;668.89;0.937;400;101.3
2012-07-03 10:00;26.39;29.91;794.17;0.991;400;101.3
2012-07-03 11:00;27.52;28.75;881.94;1.081;400;101.3
2012-07-03 12:00;27.64;33.01;912.5;1.749;400;101.3
2012-07-03 13:00;27.3;33.07;907.5;2.402;400;101.3
2012-07-03 14:00;27.77;31.59;845.56;2.289;400;101.3
2012-07-03 15:00;28.04;31.92;705.56;2.114;400;101.3
2012-07-03 16:00;28.31;29.22;546.94;1.988;400;101.3
2012-07-03 17:00;26.42;28.54;421.67;1.862;400;101.3
2012-07-03 18:00;25.61;31.93;234.17;2.033;400;101.3
2012-07-03 19:00;22.79;46.62;60.22;1.66;400;101.3
2012-07-03 20:00;21.66;50.09;2.12;0.796;400;101.3
2012-07-03 21:00;20.8;52.95;0;0.522;400;101.3
2012-07-03 22:00;20.74;45.51;0;0.547;400;101.3
2012-07-03 23:00;19.8;52.76;0;0.264;400;101.3
2012-07-04 00:00;18.93;57.17;0;0.316;400;101.3
2012-07-04 01:00;18.53;56.77;0;0.31;400;101.3
2012-07-04 02:00;18.39;56.16;0;0.56;400;101.3
2012-07-04 03:00;18.26;56.97;0;0.622;400;101.3
2012-07-04 04:00;18.12;59.27;0;0.286;400;101.3
2012-07-04 05:00;18.4;60.77;21.89;0.12;400;101.3
2012-07-04 06:00;21.37;50.67;163.17;0.404;400;101.3
2012-07-04 07:00;24.67;49.5;298.89;0.625;400;101.3
2012-07-04 08:00;26.27;43.8;432.22;0.903;400;101.3
2012-07-04 09:00;28.01;40.94;661.67;1.183;400;101.3
2012-07-04 10:00;28.13;43.03;777.5;1.629;400;101.3
2012-07-04 11:00;28.25;45.12;826.39;1.885;400;101.3
2012-07-04 12:00;28.78;37.2;834.72;1.72;400;101.3
2012-07-04 13:00;27.69;29.21;755;2.348;400;101.3
2012-07-04 14:00;28.17;40.51;823.89;2.362;400;101.3
2012-07-04 15:00;27.96;39.56;725;2.129;400;101.3
2012-07-04 16:00;24.99;48.69;572.78;2.118;400;101.3
2012-07-04 17:00;25.2;46.8;380;1.807;400;101.3
2012-07-04 18:00;24.13;51.95;225;1.655;400;101.3
2012-07-04 19:00;22.59;61.78;70.19;1.442;400;101.3
2012-07-04 20:00;21.39;72.3;0.64;1.075;400;101.3
2012-07-04 21:00;21.95;79.3;0;0.565;400;101.3
2012-07-04 22:00;21.28;75.6;0;0.399;400;101.3
2012-07-04 23:00;21.76;73.2;0;0.954;400;101.3
2012-07-05 00:00;21.28;79;0;1.015;400;101.3
2012-07-05 01:00;21.08;80.7;0;0.47;400;101.3
2012-07-05 02:00;21.01;83.3;0;0.547;400;101.3
2012-07-05 03:00;21.15;83.6;0;0.365;400;101.3
2012-07-05 04:00;19.46;80.9;0;0.781;400;101.3
2012-07-05 05:00;18.72;81.2;0.68;0.873;400;101.3
2012-07-05 06:00;19.54;79;27.58;0.546;400;101.3
2012-07-05 07:00;19;81.4;71.33;0.561;400;101.3
2012-07-05 08:00;21.29;71;285.56;0.692;400;101.3
2012-07-05 09:00;21.69;68.66;186.94;0.764;400;101.3
2012-07-05 10:00;20.74;72;81.69;0.704;400;101.3
2012-07-05 11:00;22.63;69.53;219.44;1.056;400;101.3
2012-07-05 12:00;23.96;58.41;732.22;2.158;400;101.3
2012-07-05 13:00;23.95;55.63;704.44;2.021;400;101.3
2012-07-05 14:00;24.01;68.07;485.28;2.153;400;101.3
2012-07-05 15:00;21.93;70.3;123.47;1.866;400;101.3
2012-07-05 16:00;22.48;68.3;204.17;1.947;400;101.3
2012-07-05 17:00;22.28;68.1;140.86;1.508;400;101.3
2012-07-05 18:00;22.14;69.18;181.33;1.792;400;101.3
2012-07-05 19:00;20.99;69.52;23.83;1.666;400;101.3
2012-07-05 20:00;19.99;63.31;0;1.209;400;101.3
2012-07-05 21:00;19.05;69.27;0;0.831;400;101.3
2012-07-05 22:00;17.91;71.1;1.26;0.913;400;101.3
2012-07-05 23:00;17.58;75.8;0;0.74;400;101.3
2012-07-06 00:00;17.58;75.9;0.24;0.674;400;101.3
2012-07-06 01:00;17.11;72.4;0;0.716;400;101.3
2012-07-06 02:00;16.58;73.3;0;0.664;400;101.3
2012-07-06 03:00;16.65;71.8;0;0.641;400;101.3
2012-07-06 04:00;16.58;68.17;0;0.66;400;101.3
2012-07-06 05:00;16.72;63.97;10.75;0.579;400;101.3
2012-07-06 06:00;17.87;58.55;93.86;0.562;400;101.3
2012-07-06 07:00;20.15;49.72;229.17;0.572;400;101.3
2012-07-06 08:00;22.23;53.57;396.94;0.684;400;101.3
2012-07-06 09:00;22.9;34.73;613.06;0.79;400;101.3
2012-07-06 10:00;25.93;33.44;741.39;1.073;400;101.3
2012-07-06 11:00;26.79;29.98;866.67;1.253;400;101.3
2012-07-06 12:00;26.63;39.24;913.61;1.515;400;101.3
2012-07-06 13:00;27.91;28.95;907.22;1.698;400;101.3
2012-07-06 14:00;28.71;26.17;858.89;1.962;400;101.3
2012-07-06 15:00;28.64;25.9;691.67;1.654;400;101.3
2012-07-06 16:00;28.71;27.19;588.06;2.146;400;101.3
2012-07-06 17:00;28.11;30.5;386.94;2.15;400;101.3
2012-07-06 18:00;26.56;32.26;240;2.452;400;101.3
2012-07-06 19:00;25.36;34.57;52.25;1.686;400;101.3
2012-07-06 20:00;23.89;39.32;2.84;1.69;400;101.3
2012-07-06 21:00;22.48;46.57;0;1.528;400;101.3
2012-07-06 22:00;21.48;50.31;0;0.965;400;101.3
2012-07-06 23:00;21.22;51.53;0;1.039;400;101.3
2012-07-07 00:00;20.55;52.15;0;0.61;400;101.3
2012-07-07 01:00;20.42;49.92;0;0.735;400;101.3
2012-07-07 02:00;18.19;52.29;0;0.436;400;101.3
2012-07-07 03:00;17.18;61.11;0;0.156;400;101.3
2012-07-07 04:00;16.72;63.83;0;0.251;400;101.3
2012-07-07 05:00;17.12;62.27;18.08;0.176;400;101.3
2012-07-07 06:00;19.63;50.75;140.58;0.633;400;101.3
2012-07-07 07:00;21.9;44.97;325.28;0.637;400;101.3
2012-07-07 08:00;24.93;38.53;501.94;1.029;400;101.3
2012-07-07 09:00;25.93;36.62;609.44;1.134;400;101.3
2012-07-07 10:00;27.27;32.62;752.78;1.403;400;101.3
2012-07-07 11:00;27.25;31.33;871.94;1.908;400;101.3
2012-07-07 12:00;27.38;30.44;916.11;2.427;400;101.3
2012-07-07 13:00;26.7;35.31;906.67;2.595;400;101.3
2012-07-07 14:00;26.82;35.1;845.28;2.352;400;101.3
2012-07-07 15:00;26.62;36.05;738.89;2.503;400;101.3
2012-07-07 16:00;26.15;42.68;593.33;2.168;400;101.3
2012-07-07 17:00;25.34;47.96;413.89;2.032;400;101.3
2012-07-07 18:00;24;56.22;195.28;1.998;400;101.3
2012-07-07 19:00;22.33;55.22;56.44;1.74;400;101.3
2012-07-07 20:00;22.28;57.06;1.37;1.19;400;101.3
2012-07-07 21:00;22.01;57.21;0;1.04;400;101.3
2012-07-07 22:00;21.48;62.83;0;0.94;400;101.3
2012-07-07 23:00;22.16;68.25;0;0.714;400;101.3
2012-07-08 00:00;22.02;62.97;0;1.565;400;101.3
2012-07-08 01:00;21.69;63.24;0;1.127;400;101.3
2012-07-08 02:00;19.73;79;0;1.137;400;101.3
2012-07-08 03:00;19.26;80;0;0.996;400;101.3
2012-07-08 04:00;19.13;79.2;0.22;0.767;400;101.3
2012-07-08 05:00;19.47;76.7;14.01;0.673;400;101.3
2012-07-08 06:00;20.82;68.75;125.78;0.95;400;101.3
2012-07-08 07:00;21.89;59.59;263.33;1.698;400;101.3
2012-07-08 08:00;24.59;49.76;342.22;1.352;400;101.3
2012-07-08 09:00;25.59;44.07;671.39;1.65;400;101.3
2012-07-08 10:00;27.06;40.2;778.33;1.502;400;101.3
2012-07-08 11:00;27.18;35.65;887.78;1.69;400;101.3
2012-07-08 12:00;27.92;33.15;927.78;2.091;400;101.3
2012-07-08 13:00;27.57;28.41;913.61;1.882;400;101.3
2012-07-08 14:00;28.84;30.77;853.06;2.037;400;101.3
2012-07-08 15:00;29.25;28.54;752.78;2.616;400;101.3
2012-07-08 16:00;29.11;29.82;606.11;2.681;400;101.3
2012-07-08 17:00;28.77;29.89;428.33;2.71;400;101.3
2012-07-08 18:00;28.11;31.18;241.39;2.382;400;101.3
2012-07-08 19:00;26.56;32.81;77.81;2.184;400;101.3
2012-07-08 20:00;24.96;36.2;1.48;1.506;400;101.3
2012-07-08 21:00;24.17;38.92;0;1.219;400;101.3
2012-07-08 22:00;23.57;41.56;0;1.109;400;101.3
2012-07-08 23:00;22.97;45.77;0;0.904;400;101.3
2012-07-09 00:00;22.37;46.18;0;0.692;400;101.3
2012-07-09 01:00;20.54;45.1;0;0.564;400;101.3
2012-07-09 02:00;20.07;45.78;0;0.67;400;101.3
2012-07-09 03:00;18.39;53.92;0;0.429;400;101.3
2012-07-09 04:00;17.58;59.34;0;0.218;400;101.3
2012-07-09 05:00;17.59;59.69;10.33;0.131;400;101.3
2012-07-09 06:00;21.24;43.42;130.36;0.54;400;101.3
2012-07-09 07:00;23.45;36.09;325;0.427;400;101.3
2012-07-09 08:00;26;33.98;501.11;0.722;400;101.3
2012-07-09 09:00;27.34;33.37;656.67;0.839;400;101.3
2012-07-09 10:00;28;30.99;782.78;1.13;400;101.3
2012-07-09 11:00;29.07;30.24;870.56;1.226;400;101.3
2012-07-09 12:00;29.33;29.89;911.94;1.805;400;101.3
2012-07-09 13:00;29.18;31.38;905.83;2.252;400;101.3
2012-07-09 14:00;28.98;31.58;847.78;2.671;400;101.3
2012-07-09 15:00;29.44;31.51;738.33;2.415;400;101.3
2012-07-09 16:00;29.92;31.65;590.28;2.422;400;101.3
2012-07-09 17:00;29.91;29.41;414.72;1.914;400;101.3
2012-07-09 18:00;27.29;35.17;233.61;2.326;400;101.3
2012-07-09 19:00;25.42;47.83;72.33;2.028;400;101.3
2012-07-09 20:00;23.41;45.88;1.5;1.356;400;101.3
2012-07-09 21:00;22.48;51.11;0;1.105;400;101.3
2012-07-09 22:00;22.15;51.93;0;0.495;400;101.3
2012-07-09 23:00;21.62;52.55;0;0.403;400;101.3
2012-07-10 00:00;21.35;55.6;0;0.469;400;101.3
2012-07-10 01:00;21.29;53.43;0;0.468;400;101.3
2012-07-10 02:00;20.75;56.55;0;0.205;400;101.3
2012-07-10 03:00;20.14;60.82;0;0.427;400;101.3
2012-07-10 04:00;19.47;62.05;0;0.352;400;101.3
2012-07-10 05:00;19.47;61.91;11.13;0.331;400;101.3
2012-07-10 06:00;21.91;54.26;121.75;0.715;400;101.3
2012-07-10 07:00;26.08;45.57;308.89;0.708;400;101.3
2012-07-10 08:00;26.87;36.28;486.11;0.706;400;101.3
2012-07-10 09:00;28.81;35.45;647.22;0.953;400;101.3
2012-07-10 10:00;29.2;28.89;778.61;1.142;400;101.3
2012-07-10 11:00;30.48;35.03;855;1.243;400;101.3
2012-07-10 12:00;31;33.74;900.56;2.01;400;101.3
2012-07-10 13:00;30.25;34.28;888.89;2.582;400;101.3
2012-07-10 14:00;30.52;34.75;825.56;2.455;400;101.3
2012-07-10 15:00;29.71;28.94;721.11;2.691;400;101.3
2012-07-10 16:00;29.84;34.75;581.39;2.741;400;101.3
2012-07-10 17:00;29.03;39.35;404.72;2.392;400;101.3
2012-07-10 18:00;28.44;36.52;223.61;2.012;400;101.3
2012-07-10 19:00;28.25;39.77;71.03;2.221;400;101.3
2012-07-10 20:00;26.51;46.95;1.79;2.287;400;101.3
2012-07-10 21:00;25.78;47.64;0;2.111;400;101.3
2012-07-10 22:00;24.84;48.12;0;1.61;400;101.3
2012-07-10 23:00;24.24;49.21;0;1.566;400;101.3
2012-07-11 00:00;23.57;48.2;0;1.46;400;101.3
2012-07-11 01:00;23.24;47.19;0;1.445;400;101.3
2012-07-11 02:00;22.37;48.76;0;0.82;400;101.3
2012-07-11 03:00;21.76;48.48;0;0.974;400;101.3
2012-07-11 04:00;20.07;46.73;0;1.117;400;101.3
2012-07-11 05:00;19.2;51.61;11.21;0.741;400;101.3
2012-07-11 06:00;21.16;45.72;119.58;0.703;400;101.3
2012-07-11 07:00;23.58;36.77;304.72;0.828;400;101.3
2012-07-11 08:00;25.19;37.71;484.17;1.125;400;101.3
2012-07-11 09:00;26.67;34.59;649.17;1.184;400;101.3
2012-07-11 10:00;27.33;29.23;785;1.592;400;101.3
2012-07-11 11:00;28.19;29.22;872.78;1.737;400;101.3
2012-07-11 12:00;28.85;27.66;912.5;2.42;400;101.3
2012-07-11 13:00;29.18;27.66;903.89;2.256;400;101.3
2012-07-11 14:00;30.19;27.05;841.94;2.17;400;101.3
2012-07-11 15:00;30.59;27.65;735.83;2.659;400;101.3
2012-07-11 16:00;29.71;28.8;589.72;2.841;400;101.3
2012-07-11 17:00;28.64;29.89;431.94;2.756;400;101.3
2012-07-11 18:00;27.3;31.99;233.89;3.014;400;101.3
2012-07-11 19:00;24.61;37.28;73.64;3.11;400;101.3
2012-07-11 20:00;23.15;39.39;1.56;2.802;400;101.3
2012-07-11 21:00;22.42;40.14;0;2.19;400;101.3
2012-07-11 22:00;22.16;40.42;0;1.97;400;101.3
2012-07-11 23:00;21.42;42.25;0;1.748;400;101.3
2012-07-12 00:00;20.67;46.93;0;1.844;400;101.3
2012-07-12 01:00;20.01;48.09;0;2.095;400;101.3
2012-07-12 02:00;19.88;47.96;0;2.064;400;101.3
2012-07-12 03:00;19.61;49.11;0;2.015;400;101.3
2012-07-12 04:00;18.93;51.96;0;1.777;400;101.3
2012-07-12 05:00;17.92;45.93;8.52;1.635;400;101.3
2012-07-12 06:00;20.22;41.19;131.86;2.27;400;101.3
2012-07-12 07:00;20.62;35.08;342.5;2.565;400;101.3
2012-07-12 08:00;22.57;33.99;525;2.221;400;101.3
2012-07-12 09:00;23.03;28.98;684.72;1.872;400;101.3
2012-07-12 10:00;24.64;28.16;810.83;1.613;400;101.3
2012-07-12 11:00;26.12;25.04;895.83;1.389;400;101.3
2012-07-12 12:00;26.71;25.98;929.44;1.325;400;101.3
2012-07-12 13:00;27.64;25.03;922.5;2.02;400;101.3
2012-07-12 14:00;28.24;24.42;857.78;1.581;400;101.3
2012-07-12 15:00;29.18;23.4;743.06;1.353;400;101.3
2012-07-12 16:00;28.7;23.6;603.89;2.111;400;101.3
2012-07-12 17:00;28.37;26.1;431.39;2.545;400;101.3
2012-07-12 18:00;27.97;27.19;246.11;2.656;400;101.3
2012-07-12 19:00;25.35;32.61;74.14;2.807;400;101.3
2012-07-12 20:00;23.96;35.33;0;2.252;400;101.3
2012-07-12 21:00;22.75;39.19;0;1.792;400;101.3
2012-07-12 22:00;21.21;36.63;0;1.064;400;101.3
2012-07-12 23:00;21.89;39.34;0;1.052;400;101.3
2012-07-13 00:00;21.42;43;0;1.628;400;101.3
2012-07-13 01:00;20.94;45.51;0;1.354;400;101.3
2012-07-13 02:00;20.88;45.98;0;1.268;400;101.3
2012-07-13 03:00;21.43;42.4;0;1.281;400;101.3
2012-07-13 04:00;21.16;45.31;0;0.805;400;101.3
2012-07-13 05:00;20.95;46.19;10.99;0.737;400;101.3
2012-07-13 06:00;21.43;46.26;87.25;1.408;400;101.3
2012-07-13 07:00;22.97;42.25;301.94;1.584;400;101.3
2012-07-13 08:00;23.84;39.26;500.56;1.987;400;101.3
2012-07-13 09:00;25.32;35.94;662.78;1.891;400;101.3
2012-07-13 10:00;26.93;30.25;786.67;1.633;400;101.3
2012-07-13 11:00;28.46;24.49;875;1.494;400;101.3
2012-07-13 12:00;27.91;32.33;915;1.978;400;101.3
2012-07-13 13:00;26.42;36.05;904.44;3.133;400;101.3
2012-07-13 14:00;26.49;38.82;844.17;3.278;400;101.3
2012-07-13 15:00;25.54;45.38;663.61;2.701;400;101.3
2012-07-13 16:00;25.95;48.57;618.33;2.806;400;101.3
2012-07-13 17:00;24.67;50.67;409.44;2.476;400;101.3
2012-07-13 18:00;22.72;51.49;241.11;2.045;400;101.3
2012-07-13 19:00;21.65;60.97;63.56;1.958;400;101.3
2012-07-13 20:00;21.6;63.02;1.26;1.228;400;101.3
2012-07-13 21:00;21.74;64.44;0;0.516;400;101.3
2012-07-13 22:00;21.81;65.6;0;0.39;400;101.3
2012-07-13 23:00;21.75;69.13;0;0.338;400;101.3
2012-07-14 00:00;21.15;68.32;0;0.679;400;101.3
2012-07-14 01:00;20.81;64.53;0;0.627;400;101.3
2012-07-14 02:00;21.08;48.21;0;1.664;400;101.3
2012-07-14 03:00;20.74;48.76;0;2.043;400;101.3
2012-07-14 04:00;20.62;43.48;0;1.96;400;101.3
2012-07-14 05:00;20.41;45.45;11.54;2.254;400;101.3
2012-07-14 06:00;21.23;45.92;140.69;2.556;400;101.3
2012-07-14 07:00;22.23;46.11;223.61;2.678;400;101.3
2012-07-14 08:00;23.85;39.54;541.94;2.551;400;101.3
2012-07-14 09:00;23.83;34.86;523.89;2.715;400;101.3
2012-07-14 10:00;24.03;28.63;504.44;2.676;400;101.3
2012-07-14 11:00;26.52;31.13;775.56;1.912;400;101.3
2012-07-14 12:00;25.63;30.78;450.83;2.393;400;101.3
2012-07-14 13:00;26.58;24.36;568.33;2.765;400;101.3
2012-07-14 14:00;26.57;25.17;398.33;2.4;400;101.3
2012-07-14 15:00;27.59;24.09;585;2.628;400;101.3
2012-07-14 16:00;27.44;24.42;497.78;2.659;400;101.3
2012-07-14 17:00;26.63;27.26;396.11;2.311;400;101.3
2012-07-14 18:00;25.62;26.59;224.72;2.465;400;101.3
2012-07-14 19:00;24.02;30.72;70.42;2.268;400;101.3
2012-07-14 20:00;22.75;33.03;2.54;1.7;400;101.3
2012-07-14 21:00;21.95;37.51;0;1.802;400;101.3
2012-07-14 22:00;20.34;37.11;0;1.644;400;101.3
2012-07-14 23:00;19.46;37.93;0;2.05;400;101.3
2012-07-15 00:00;19.67;46.26;0;1.747;400;101.3
2012-07-15 01:00;19;46.74;0;2.352;400;101.3
2012-07-15 02:00;17.71;45.25;0;2.676;400;101.3
2012-07-15 03:00;17.25;46.81;0;3.084;400;101.3
2012-07-15 04:00;16.84;49.05;0;3.386;400;101.3
2012-07-15 05:00;16.17;52.65;10.88;2.406;400;101.3
2012-07-15 06:00;17.12;51.02;117.08;2.549;400;101.3
2012-07-15 07:00;19.68;48.57;314.17;2.732;400;101.3
2012-07-15 08:00;20.48;35.76;504.17;2.943;400;101.3
2012-07-15 09:00;22.71;35.21;655.28;3.085;400;101.3
2012-07-15 10:00;23.5;32.36;801.67;2.837;400;101.3
2012-07-15 11:00;24.43;30.8;886.94;3.336;400;101.3
2012-07-15 12:00;25.1;31.2;926.67;3.613;400;101.3
2012-07-15 13:00;25.5;28.96;894.72;3.469;400;101.3
2012-07-15 14:00;26.17;25.17;839.72;3.273;400;101.3
2012-07-15 15:00;26.23;25.1;775.28;3.367;400;101.3
2012-07-15 16:00;25.96;26.04;609.44;3.255;400;101.3
2012-07-15 17:00;25.22;31.05;431.39;3.353;400;101.3
2012-07-15 18:00;24.21;30.86;240;2.752;400;101.3
2012-07-15 19:00;22.81;34.04;70.56;2.548;400;101.3
2012-07-15 20:00;21.94;36.49;0.02;2.158;400;101.3
2012-07-15 21:00;21.28;37.99;0;2.238;400;101.3
2012-07-15 22:00;20.61;38.67;0;1.22;400;101.3
2012-07-15 23:00;20.08;38.61;0;1.221;400;101.3
2012-07-16 00:00;18.53;38.41;0;0.831;400;101.3
2012-07-16 01:00;18.93;42.95;0;0.953;400;101.3
2012-07-16 02:00;17.99;45.66;0;1.657;400;101.3
2012-07-16 03:00;15.97;44.52;0;1.078;400;101.3
2012-07-16 04:00;15.56;44.79;0;1.206;400;101.3
2012-07-16 05:00;16.45;47.84;8.48;1.097;400;101.3
2012-07-16 06:00;18.68;44.32;119.47;1.425;400;101.3
2012-07-16 07:00;20.97;34.82;319.17;1.654;400;101.3
2012-07-16 08:00;22.17;29.53;503.06;1.72;400;101.3
2012-07-16 09:00;23.1;29.79;675.28;2.246;400;101.3
2012-07-16 10:00;24.85;23.29;811.11;2.18;400;101.3
2012-07-16 11:00;25.91;23.42;898.61;2.427;400;101.3
2012-07-16 12:00;27.46;20.23;938.89;2.217;400;101.3
2012-07-16 13:00;28.86;19.01;923.06;2.027;400;101.3
2012-07-16 14:00;29.53;17.31;857.22;1.988;400;101.3
2012-07-16 15:00;30.19;16.97;744.17;1.579;400;101.3
2012-07-16 16:00;30.12;15.21;601.11;1.925;400;101.3
2012-07-16 17:00;30.39;16.16;419.72;1.33;400;101.3
2012-07-16 18:00;29.65;18.66;234.72;1.51;400;101.3
2012-07-16 19:00;27.64;20.7;67.42;1.211;400;101.3
2012-07-16 20:00;25.43;32.82;0;1.057;400;101.3
2012-07-16 21:00;24.17;34.05;0;1.087;400;101.3
2012-07-16 22:00;23.02;38.38;0;0.649;400;101.3
2012-07-16 23:00;21.28;45.57;0;0.129;400;101.3
2012-07-17 00:00;20.14;49.24;0;0.315;400;101.3
2012-07-17 01:00;19.34;52.97;0;0.164;400;101.3
2012-07-17 02:00;17.85;48.16;0;0.232;400;101.3
2012-07-17 03:00;17.11;52.44;0;0.396;400;101.3
2012-07-17 04:00;17.12;57.39;0;0.13;400;101.3
2012-07-17 05:00;16.65;53.67;8.17;0.154;400;101.3
2012-07-17 06:00;22.07;41.4;112.33;0.184;400;101.3
2012-07-17 07:00;23.67;34.95;314.44;0.852;400;101.3
2012-07-17 08:00;26.14;30.06;493.33;0.856;400;101.3
2012-07-17 09:00;27.68;27.41;649.72;0.733;400;101.3
2012-07-17 10:00;29.96;24.97;778.33;1.028;400;101.3
2012-07-17 11:00;31.63;21.44;866.11;1.168;400;101.3
2012-07-17 12:00;33.23;20.08;905;1.403;400;101.3
2012-07-17 13:00;32.87;15.68;892.78;1.354;400;101.3
2012-07-17 14:00;34.55;17.03;828.61;1.301;400;101.3
2012-07-17 15:00;35.62;15.54;718.06;1.181;400;101.3
2012-07-17 16:00;35.28;15.48;576.67;1.496;400;101.3
2012-07-17 17:00;34.61;15.95;404.44;1.652;400;101.3
2012-07-17 18:00;33.81;18.18;222.5;1.536;400;101.3
2012-07-17 19:00;31.19;23.8;63.58;1.039;400;101.3
2012-07-17 20:00;28.99;28.74;0;0.527;400;101.3
2012-07-17 21:00;27.66;32.14;0;0.672;400;101.3
2012-07-17 22:00;25.57;38.17;0;0.288;400;101.3
2012-07-17 23:00;24.31;42.44;0;0.435;400;101.3
2012-07-18 00:00;23.11;46.31;0;0.303;400;101.3
2012-07-18 01:00;22.03;48.01;0;0.238;400;101.3
2012-07-18 02:00;21.23;49.78;0;0.164;400;101.3
2012-07-18 03:00;22.05;43.29;0;0.406;400;101.3
2012-07-18 04:00;21.98;44.3;0;0.442;400;101.3
2012-07-18 05:00;21.44;46.54;6.71;0.431;400;101.3
2012-07-18 06:00;24.75;38.88;114.5;0.455;400;101.3
2012-07-18 07:00;27.5;31.55;319.44;0.464;400;101.3
2012-07-18 08:00;31.2;25.72;497.78;0.483;400;101.3
2012-07-18 09:00;29.89;33.56;655.56;1.583;400;101.3
2012-07-18 10:00;30.69;29.43;784.72;1.947;400;101.3
2012-07-18 11:00;31.82;23.8;874.17;1.798;400;101.3
2012-07-18 12:00;32.21;22.24;913.61;2.236;400;101.3
2012-07-18 13:00;33.55;19.6;900.28;2.228;400;101.3
2012-07-18 14:00;32.19;22.44;842.5;2.633;400;101.3
2012-07-18 15:00;31.65;22.17;736.11;2.557;400;101.3
2012-07-18 16:00;30.78;26.57;589.17;2.382;400;101.3
2012-07-18 17:00;29.23;30.7;415;2.19;400;101.3
2012-07-18 18:00;28.3;34.08;228.33;2.037;400;101.3
2012-07-18 19:00;26.49;35.65;60.64;1.325;400;101.3
2012-07-18 20:00;24.96;46.42;0;0.907;400;101.3
2012-07-18 21:00;22.68;44.81;0;0.312;400;101.3
2012-07-18 22:00;22.09;55.12;0;0;400;101.3
2012-07-18 23:00;21.08;60.61;0;0.074;400;101.3
2012-07-19 00:00;20.82;70.2;0;0.268;400;101.3
2012-07-19 01:00;19.74;70.8;0;0.527;400;101.3
2012-07-19 02:00;18.86;74.3;0;0.246;400;101.3
2012-07-19 03:00;19.14;79.7;0;0.344;400;101.3
2012-07-19 04:00;18.53;81.1;0;0.108;400;101.3
2012-07-19 05:00;18.19;79.1;9.69;0.116;400;101.3
2012-07-19 06:00;19.75;67.6;99.83;0.409;400;101.3
2012-07-19 07:00;23.12;54.65;289.17;0.498;400;101.3
2012-07-19 08:00;25.46;44.21;462.78;0.626;400;101.3
2012-07-19 09:00;26.86;37.36;613.06;0.786;400;101.3
2012-07-19 10:00;29.75;34.3;746.39;0.927;400;101.3
2012-07-19 11:00;30.47;37.13;825.83;1.258;400;101.3
2012-07-19 12:00;30.06;36.04;874.17;2.298;400;101.3
2012-07-19 13:00;30.25;38.54;871.39;2.665;400;101.3
2012-07-19 14:00;32.01;32.32;748.61;2.108;400;101.3
2012-07-19 15:00;32.47;26.7;526.94;2.081;400;101.3
2012-07-19 16:00;32;21.9;506.39;2.22;400;101.3
2012-07-19 17:00;32.13;26.77;376.11;2.447;400;101.3
2012-07-19 18:00;31.2;28.19;219.72;2.52;400;101.3
2012-07-19 19:00;29.25;26.65;69.83;2.247;400;101.3
2012-07-19 20:00;27.31;23.34;0.26;2.065;400;101.3
2012-07-19 21:00;25.98;25.17;0;1.76;400;101.3
2012-07-19 22:00;25.52;28.9;0;0.927;400;101.3
2012-07-19 23:00;24.65;33.64;0;0.666;400;101.3
2012-07-20 00:00;22.95;36.89;0;0.953;400;101.3
2012-07-20 01:00;23.3;45.36;0;0.979;400;101.3
2012-07-20 02:00;22.43;48.69;0;1.104;400;101.3
2012-07-20 03:00;21.01;46.52;0;0.561;400;101.3
2012-07-20 04:00;20.34;49.03;0;0.407;400;101.3
2012-07-20 05:00;20.01;50.8;8.3;0.269;400;101.3
2012-07-20 06:00;22.38;49.78;100.11;0.706;400;101.3
2012-07-20 07:00;25.41;42.86;280.56;0.543;400;101.3
2012-07-20 08:00;26.61;37.84;451.39;0.651;400;101.3
2012-07-20 09:00;26.99;29.17;614.17;0.774;400;101.3
2012-07-20 10:00;27.59;28.28;745.83;1.193;400;101.3
2012-07-20 11:00;29.33;32.6;834.72;1.433;400;101.3
2012-07-20 12:00;28.24;33.81;884.44;2.668;400;101.3
2012-07-20 13:00;28.37;32.8;873.33;3.037;400;101.3
2012-07-20 14:00;28.57;33.68;813.89;2.945;400;101.3
2012-07-20 15:00;30.87;31.11;678.33;2.976;400;101.3
2012-07-20 16:00;30.12;30.36;455.28;2.696;400;101.3
2012-07-20 17:00;28.78;31.38;252.22;2.975;400;101.3
2012-07-20 18:00;27.84;32.33;130.03;2.433;400;101.3
2012-07-20 19:00;26.57;33.76;35.53;2.392;400;101.3
2012-07-20 20:00;25.44;36.14;0;2.355;400;101.3
2012-07-20 21:00;24.7;36.48;0;2.258;400;101.3
2012-07-20 22:00;22.89;36.96;0;1.535;400;101.3
2012-07-20 23:00;23.36;44.21;0;1.191;400;101.3
2012-07-21 00:00;22.76;46.45;0;1.432;400;101.3
2012-07-21 01:00;22.23;48.01;0;0.746;400;101.3
2012-07-21 02:00;21.55;48.62;0;0.775;400;101.3
2012-07-21 03:00;21.42;48.15;0;0.765;400;101.3
2012-07-21 04:00;21.08;48.89;0;1.035;400;101.3
2012-07-21 05:00;19.46;47.61;5.1;0.76;400;101.3
2012-07-21 06:00;21.16;49.24;103.67;0.937;400;101.3
2012-07-21 07:00;23.38;38.12;308.61;0.834;400;101.3
2012-07-21 08:00;24.65;31;497.22;1.434;400;101.3
2012-07-21 09:00;25.52;24.77;667.78;1.649;400;101.3
2012-07-21 10:00;26.66;22.6;807.5;1.78;400;101.3
2012-07-21 11:00;27.25;22.53;893.89;2.063;400;101.3
2012-07-21 12:00;28.05;20.09;930.83;2.199;400;101.3
2012-07-21 13:00;28.52;19.34;916.11;1.943;400;101.3
2012-07-21 14:00;28.64;19.14;846.94;1.916;400;101.3
2012-07-21 15:00;29.72;17.11;738.89;1.839;400;101.3
2012-07-21 16:00;28.84;18.46;593.33;1.92;400;101.3
2012-07-21 17:00;27.9;19.07;383.89;2.099;400;101.3
2012-07-21 18:00;26.83;20.29;164.06;2.014;400;101.3
2012-07-21 19:00;25.64;21.38;50.89;1.583;400;101.3
2012-07-21 20:00;24.3;22.88;0;1.539;400;101.3
2012-07-21 21:00;23.23;22.74;0;1.541;400;101.3
2012-07-21 22:00;22.56;26.47;0;1.767;400;101.3
2012-07-21 23:00;21.76;29.59;0;1.954;400;101.3
2012-07-22 00:00;21.28;30.27;0;1.777;400;101.3
2012-07-22 01:00;21.02;30.41;0;0.995;400;101.3
2012-07-22 02:00;20.14;32.24;0;1.128;400;101.3
2012-07-22 03:00;19.75;33.6;0;1.444;400;101.3
2012-07-22 04:00;18.59;37.53;0;1.047;400;101.3
2012-07-22 05:00;18.74;34.48;5.85;1.505;400;101.3
2012-07-22 06:00;20.43;33.94;107.94;1.757;400;101.3
2012-07-22 07:00;22.65;27.57;346.94;1.875;400;101.3
2012-07-22 08:00;23.79;21.74;376.39;2.017;400;101.3
2012-07-22 09:00;25.26;20.24;622.78;1.831;400;101.3
2012-07-22 10:00;25.98;19.29;781.11;2.305;400;101.3
2012-07-22 11:00;27.19;16.1;857.78;2.314;400;101.3
2012-07-22 12:00;28.73;15.76;913.89;1.755;400;101.3
2012-07-22 13:00;29.86;16.7;860;1.633;400;101.3
2012-07-22 14:00;30.05;17.85;800.28;1.584;400;101.3
2012-07-22 15:00;30.79;16.7;712.5;1.606;400;101.3
2012-07-22 16:00;30.25;15.42;580.83;2.115;400;101.3
2012-07-22 17:00;29.57;14.87;412.78;1.957;400;101.3
2012-07-22 18:00;27.9;16.91;184.56;1.903;400;101.3
2012-07-22 19:00;26.03;17.45;45.72;1.513;400;101.3
2012-07-22 20:00;24.7;20.23;0;0.977;400;101.3
2012-07-22 21:00;24.31;19.16;0;0.914;400;101.3
2012-07-22 22:00;23.64;20.45;0;0.848;400;101.3
2012-07-22 23:00;22.64;21.67;0;1.071;400;101.3
2012-07-23 00:00;21.96;29.12;0;1.116;400;101.3
2012-07-23 01:00;21.15;31.29;0;0.954;400;101.3
2012-07-23 02:00;21.22;31.97;0;0.999;400;101.3
2012-07-23 03:00;20.82;32.85;0;1.001;400;101.3
2012-07-23 04:00;19.81;33.94;0;0.726;400;101.3
2012-07-23 05:00;18.93;34.95;6.05;0.455;400;101.3
2012-07-23 06:00;20.97;28.18;94.89;0.378;400;101.3
2012-07-23 07:00;22.51;28.17;303.61;0.868;400;101.3
2012-07-23 08:00;23.65;26.47;490.56;1.457;400;101.3
2012-07-23 09:00;24.85;23.15;656.67;1.67;400;101.3
2012-07-23 10:00;25.65;23.62;786.67;1.559;400;101.3
2012-07-23 11:00;27.46;20.71;875.28;1.305;400;101.3
2012-07-23 12:00;28.46;19.41;911.94;1.31;400;101.3
2012-07-23 13:00;29.18;19.21;898.61;1.416;400;101.3
2012-07-23 14:00;29.45;21.91;833.89;1.758;400;101.3
2012-07-23 15:00;28.36;22.38;728.61;2.19;400;101.3
2012-07-23 16:00;28.03;23.87;580.56;2.552;400;101.3
2012-07-23 17:00;27.76;23.74;405.56;2.037;400;101.3
2012-07-23 18:00;26.69;24.48;218.33;1.91;400;101.3
2012-07-23 19:00;24.88;29.7;53.22;1.473;400;101.3
2012-07-23 20:00;23.21;31.54;0;0.905;400;101.3
2012-07-23 21:00;22.15;45.36;0;0.851;400;101.3
2012-07-23 22:00;19.86;55.19;0;0.995;400;101.3
2012-07-23 23:00;19.87;58.52;0;0.254;400;101.3
2012-07-24 00:00;18.46;53.31;0;0.118;400;101.3
2012-07-24 01:00;17.99;52.36;0;0.502;400;101.3
2012-07-24 02:00;18.47;49.73;0;0.392;400;101.3
2012-07-24 03:00;17.32;47.02;0;0.446;400;101.3
2012-07-24 04:00;16.58;49.06;0;0.414;400;101.3
2012-07-24 05:00;16.17;50.82;4.59;0.226;400;101.3
2012-07-24 06:00;19.29;42.89;90.69;0.426;400;101.3
2012-07-24 07:00;21.98;35.29;278.89;0.672;400;101.3
2012-07-24 08:00;25.47;32.84;454.17;0.837;400;101.3
2012-07-24 09:00;26.54;32.02;620.56;1.441;400;101.3
2012-07-24 10:00;27.47;31.94;588.61;1.16;400;101.3
2012-07-24 11:00;29.54;27.6;833.06;1.212;400;101.3
2012-07-24 12:00;29.33;28.95;874.17;1.831;400;101.3
2012-07-24 13:00;28.91;28.94;868.89;2.096;400;101.3
2012-07-24 14:00;28.84;28.67;807.22;2.119;400;101.3
2012-07-24 15:00;29.03;28.74;695;2.034;400;101.3
2012-07-24 16:00;28.63;26.64;552.78;2.041;400;101.3
2012-07-24 17:00;27.62;25.83;376.94;2.033;400;101.3
2012-07-24 18:00;26.49;31.25;196.11;1.854;400;101.3
2012-07-24 19:00;23.73;38.43;50.56;1.908;400;101.3
2012-07-24 20:00;22.88;48.6;0;0.766;400;101.3
2012-07-24 21:00;21.47;50.37;0;0.384;400;101.3
2012-07-24 22:00;21.42;60.13;0;0.115;400;101.3
2012-07-24 23:00;20.2;56.07;0;0.037;400;101.3
2012-07-25 00:00;20.69;58.11;0;0.157;400;101.3
2012-07-25 01:00;18.93;52.36;0;0.037;400;101.3
2012-07-25 02:00;18.8;69.23;0;0.778;400;101.3
2012-07-25 03:00;18.39;65.44;0;0.362;400;101.3
2012-07-25 04:00;17.44;63.81;0;0.203;400;101.3
2012-07-25 05:00;17.11;59.55;5.12;0.227;400;101.3
2012-07-25 06:00;19.69;50.27;86.25;0.292;400;101.3
2012-07-25 07:00;23.8;43.01;270.56;0.513;400;101.3
2012-07-25 08:00;26.01;34.05;450;0.708;400;101.3
2012-07-25 09:00;27.62;25.38;612.22;0.925;400;101.3
2012-07-25 10:00;29.76;21.92;745.56;1.019;400;101.3
2012-07-25 11:00;30.61;18.87;833.89;1.255;400;101.3
2012-07-25 12:00;30.26;21.98;878.61;1.805;400;101.3
2012-07-25 13:00;30.39;21.37;870.83;2.142;400;101.3
2012-07-25 14:00;29.91;23.26;816.11;2.389;400;101.3
2012-07-25 15:00;29.91;29.14;711.39;2.166;400;101.3
2012-07-25 16:00;29.1;30.36;567.78;2.2;400;101.3
2012-07-25 17:00;28.77;30.16;386.67;2.183;400;101.3
2012-07-25 18:00;27.09;44.3;201.94;1.64;400;101.3
2012-07-25 19:00;25.21;48.3;47.47;1.145;400;101.3
2012-07-25 20:00;22.94;52.11;0;0.89;400;101.3
2012-07-25 21:00;21.74;63.9;0;0.24;400;101.3
2012-07-25 22:00;21.15;68.39;0;0.043;400;101.3
2012-07-25 23:00;21.08;71;0;0.093;400;101.3
2012-07-26 00:00;20.74;81;0;0.809;400;101.3
2012-07-26 01:00;20.54;80.8;0;0.658;400;101.3
2012-07-26 02:00;20.27;80;0;0.585;400;101.3
2012-07-26 03:00;19.79;79.8;0;0.682;400;101.3
2012-07-26 04:00;19.32;80.8;0;0.641;400;101.3
2012-07-26 05:00;18.31;80.2;5.19;0.615;400;101.3
2012-07-26 06:00;20.62;75.7;90.11;0.53;400;101.3
2012-07-26 07:00;23.52;58.85;283.33;0.724;400;101.3
2012-07-26 08:00;25.73;50.97;462.78;1.037;400;101.3
2012-07-26 09:00;25.58;54.07;620;1.579;400;101.3
2012-07-26 10:00;26.31;52.44;747.22;1.532;400;101.3
2012-07-26 11:00;28.86;43.63;834.17;1.601;400;101.3
2012-07-26 12:00;28.65;52.55;871.39;1.966;400;101.3
2012-07-26 13:00;28.84;53.29;858.33;2.03;400;101.3
2012-07-26 14:00;26.54;49.84;793.33;2.513;400;101.3
2012-07-26 15:00;26;50.85;675.28;2.205;400;101.3
2012-07-26 16:00;26.08;47.68;526.11;2.275;400;101.3
2012-07-26 17:00;25.54;52.22;329.72;1.969;400;101.3
2012-07-26 18:00;23.59;63.73;123.56;1.668;400;101.3
2012-07-26 19:00;22.73;65.31;29.22;1.284;400;101.3
2012-07-26 20:00;22.14;69.45;0;0.556;400;101.3
2012-07-26 21:00;21.61;73.6;0;0.631;400;101.3
2012-07-26 22:00;21.49;74;0;0.654;400;101.3
2012-07-26 23:00;21.28;71.8;0;0.443;400;101.3
2012-07-27 00:00;21.22;73.7;0;0.453;400;101.3
2012-07-27 01:00;20.67;79.4;0;0.484;400;101.3
2012-07-27 02:00;20.4;79.8;0;0.522;400;101.3
2012-07-27 03:00;19.8;80.7;0;0.442;400;101.3
2012-07-27 04:00;19.6;81.2;0;0.445;400;101.3
2012-07-27 05:00;19.41;78.9;6.29;0.463;400;101.3
2012-07-27 06:00;20.48;71;60.75;0.437;400;101.3
2012-07-27 07:00;23.59;53.84;227.5;0.58;400;101.3
2012-07-27 08:00;26.27;43.73;401.11;0.86;400;101.3
2012-07-27 09:00;27.2;38.71;557.22;1.408;400;101.3
2012-07-27 10:00;27.73;36.33;681.94;2.086;400;101.3
2012-07-27 11:00;27.72;36.87;795.56;2.293;400;101.3
2012-07-27 12:00;28.92;33.14;828.89;2.098;400;101.3
2012-07-27 13:00;29.25;31.45;828.33;2.22;400;101.3
2012-07-27 14:00;28.3;34.96;538.33;1.963;400;101.3
2012-07-27 15:00;27.83;35.3;417.78;1.742;400;101.3
2012-07-27 16:00;27.51;37.14;192.83;1.339;400;101.3
2012-07-27 17:00;25.96;44.78;177.75;1.708;400;101.3
2012-07-27 18:00;26.31;44.93;82.75;0.955;400;101.3
2012-07-27 19:00;25.37;47.03;36.53;0.959;400;101.3
2012-07-27 20:00;23.89;50.15;0;0.486;400;101.3
2012-07-27 21:00;23.22;53.68;0;0.649;400;101.3
2012-07-27 22:00;22.35;56.73;0;1.111;400;101.3
2012-07-27 23:00;21.95;57.14;0;0.487;400;101.3
2012-07-28 00:00;21.62;56.54;0;0.298;400;101.3
2012-07-28 01:00;21.28;61.15;0;0.658;400;101.3
2012-07-28 02:00;20.47;62.91;0;0.382;400;101.3
2012-07-28 03:00;20.4;61.89;0;0.601;400;101.3
2012-07-28 04:00;19.87;63.66;0;0.509;400;101.3
2012-07-28 05:00;19.2;67.87;5.16;0.145;400;101.3
2012-07-28 06:00;21.17;59;85.14;0.543;400;101.3
2012-07-28 07:00;23.65;58.03;164.94;0.978;400;101.3
2012-07-28 08:00;24.11;50.57;193.81;1.123;400;101.3
2012-07-28 09:00;27.55;46.7;375.83;1.41;400;101.3
2012-07-28 10:00;29.56;37.96;624.72;1.21;400;101.3
2012-07-28 11:00;30.55;31.38;826.94;1.184;400;101.3
2012-07-28 12:00;31.67;30.97;864.72;1.127;400;101.3
2012-07-28 13:00;31.12;28.87;744.72;1.26;400;101.3
2012-07-28 14:00;31.38;33.32;727.78;1.82;400;101.3
2012-07-28 15:00;32.13;34.68;432.5;1.722;400;101.3
2012-07-28 16:00;33.07;28.12;555;1.981;400;101.3
2012-07-28 17:00;31.52;32.18;375.28;2.749;400;101.3
2012-07-28 18:00;30.45;32.93;213.89;3.114;400;101.3
2012-07-28 19:00;28.31;36.79;66.83;2.607;400;101.3
2012-07-28 20:00;27.05;38.22;0;2.194;400;101.3
2012-07-28 21:00;26.45;40.87;0;1.928;400;101.3
2012-07-28 22:00;26.12;43.92;0;2.025;400;101.3
2012-07-28 23:00;25.45;47.78;0;1.677;400;101.3
2012-07-29 00:00;24.65;50.23;0;1.239;400;101.3
2012-07-29 01:00;23.9;52.12;0;1.221;400;101.3
2012-07-29 02:00;23.3;53.82;0;0.99;400;101.3
2012-07-29 03:00;22.23;47.26;0;1.601;400;101.3
2012-07-29 04:00;22.5;53.7;0;2.041;400;101.3
2012-07-29 05:00;21.08;47.33;4.19;2.218;400;101.3
2012-07-29 06:00;21.76;46.32;86.25;2.356;400;101.3
2012-07-29 07:00;23.92;45.7;280.83;2.247;400;101.3
2012-07-29 08:00;24.65;35.2;461.39;2.457;400;101.3
2012-07-29 09:00;26.8;33.97;625.56;2.441;400;101.3
2012-07-29 10:00;28.54;29.3;757.5;2.018;400;101.3
2012-07-29 11:00;29.81;26.72;843.89;2.065;400;101.3
2012-07-29 12:00;30.67;23.53;876.67;1.773;400;101.3
2012-07-29 13:00;31.2;24.61;867.5;2.366;400;101.3
2012-07-29 14:00;32.2;23.86;811.67;2.675;400;101.3
2012-07-29 15:00;32.2;23.05;701.94;2.649;400;101.3
2012-07-29 16:00;32;22.44;551.11;2.678;400;101.3
2012-07-29 17:00;30.78;23.53;371.39;2.854;400;101.3
2012-07-29 18:00;29.31;23.4;182.31;2.945;400;101.3
2012-07-29 19:00;27.64;27.06;41;2.908;400;101.3
2012-07-29 20:00;26.44;28.49;0;2.995;400;101.3
2012-07-29 21:00;25.64;30.25;0;2.48;400;101.3
2012-07-29 22:00;24.5;31.27;0;2.385;400;101.3
2012-07-29 23:00;23.97;34.39;0;2.485;400;101.3
2012-07-30 00:00;23.23;35.95;0;2.158;400;101.3
2012-07-30 01:00;22.76;37.37;0;1.65;400;101.3
2012-07-30 02:00;22.03;39.27;0;1.41;400;101.3
2012-07-30 03:00;20.67;43;0;0.632;400;101.3
2012-07-30 04:00;18.66;41.86;0;0.522;400;101.3
2012-07-30 05:00;17.51;47.89;2.61;0.101;400;101.3
2012-07-30 06:00;20.97;40.65;85.39;0.583;400;101.3
2012-07-30 07:00;23.59;27.7;281.94;0.558;400;101.3
2012-07-30 08:00;26;27.89;461.67;0.982;400;101.3
2012-07-30 09:00;27.14;26.33;624.44;1.119;400;101.3
2012-07-30 10:00;27.93;21.72;753.33;1.123;400;101.3
2012-07-30 11:00;30.21;18.94;838.06;0.977;400;101.3
2012-07-30 12:00;30.93;19.75;875;1.147;400;101.3
2012-07-30 13:00;30.25;22.45;869.72;2.365;400;101.3
2012-07-30 14:00;30.45;21.37;812.22;2.484;400;101.3
2012-07-30 15:00;30.52;20.49;706.11;2.7;400;101.3
2012-07-30 16:00;30.52;19.07;551.94;2.386;400;101.3
2012-07-30 17:00;29.24;24.14;375.28;2.274;400;101.3
2012-07-30 18:00;27.56;29.01;185.5;1.99;400;101.3
2012-07-30 19:00;25.55;36.33;41.75;2.164;400;101.3
2012-07-30 20:00;24.35;47.5;0;2.039;400;101.3
2012-07-30 21:00;23.97;37.16;0;1.908;400;101.3
2012-07-30 22:00;24.92;40.35;0;2.123;400;101.3
2012-07-30 23:00;24.85;40.75;0;2.01;400;101.3
2012-07-31 00:00;24.85;36.62;0;1.744;400;101.3
2012-07-31 01:00;24.38;34.93;0;1.645;400;101.3
2012-07-31 02:00;24.79;34.39;0;1.516;400;101.3
2012-07-31 03:00;24.05;37.3;0;1.544;400;101.3
2012-07-31 04:00;22.77;41.23;0;1.243;400;101.3
2012-07-31 05:00;22.1;45.57;2.45;1.491;400;101.3
2012-07-31 06:00;23.59;44.35;82.5;0.961;400;101.3
2012-07-31 07:00;25.94;33.31;285.83;0.591;400;101.3
2012-07-31 08:00;28.16;30.8;465.28;0.642;400;101.3
2012-07-31 09:00;29.02;25.85;628.33;1.02;400;101.3
2012-07-31 10:00;30.22;21.65;759.72;1.162;400;101.3
2012-07-31 11:00;30.87;23.87;841.11;1.238;400;101.3
2012-07-31 12:00;32.01;22.85;878.89;1.59;400;101.3
2012-07-31 13:00;32.13;21.43;867.22;1.975;400;101.3
2012-07-31 14:00;32.66;20.68;802.5;1.857;400;101.3
2012-07-31 15:00;32.66;20.28;686.94;2;400;101.3
2012-07-31 16:00;31.78;22.03;535;2.361;400;101.3
2012-07-31 17:00;31.18;23.12;362.78;1.938;400;101.3
2012-07-31 18:00;28.29;33.6;185.75;2.386;400;101.3
2012-07-31 19:00;26.69;43.7;39.44;1.352;400;101.3
2012-07-31 20:00;25.37;47.64;0;1.196;400;101.3
2012-07-31 21:00;24.5;47.31;0;0.713;400;101.3
2012-07-31 22:00;23.63;46.84;0;0.522;400;101.3
2012-07-31 23:00;22.69;54.03;0;0.221;400;101.3
2012-08-01 00:00;20.74;53.7;0;0.03;400;101.3
2012-08-01 01:00;20.47;55.87;0;0.097;400;101.3
2012-08-01 02:00;20.07;58.04;0;0.334;400;101.3
2012-08-01 03:00;19.6;61.5;0;0.378;400;101.3
2012-08-01 04:00;18.93;66.18;0;0.198;400;101.3
2012-08-01 05:00;18.66;65.57;3.62;0.231;400;101.3
2012-08-01 06:00;20.42;58.8;72.81;0.442;400;101.3
2012-08-01 07:00;22.91;51.74;230;0.669;400;101.3
2012-08-01 08:00;24.51;56.66;205.28;0.84;400;101.3
2012-08-01 09:00;25.59;52.12;514.44;1.324;400;101.3
2012-08-01 10:00;27.53;48.45;728.06;1.819;400;101.3
2012-08-01 11:00;26.84;43.77;820.56;2.17;400;101.3
2012-08-01 12:00;26.42;51;812.78;2.201;400;101.3
2012-08-01 13:00;27.15;41.59;886.94;2.041;400;101.3
2012-08-01 14:00;28.17;47.88;795.56;1.888;400;101.3
2012-08-01 15:00;28.63;48.89;684.72;1.701;400;101.3
2012-08-01 16:00;26.67;55.44;532.78;1.954;400;101.3
2012-08-01 17:00;25.39;60.32;361.11;1.902;400;101.3
2012-08-01 18:00;24.32;68.72;174.5;1.721;400;101.3
2012-08-01 19:00;23.2;71.4;37.86;1.125;400;101.3
2012-08-01 20:00;23.22;71.7;0;0.769;400;101.3
2012-08-01 21:00;22.95;71.8;0;0.463;400;101.3
2012-08-01 22:00;22.76;71.9;0;0.187;400;101.3
2012-08-01 23:00;22.7;79.8;0;0.169;400;101.3
2012-08-02 00:00;22.43;74.2;0;0.075;400;101.3
2012-08-02 01:00;21.42;73.9;0;0.092;400;101.3
2012-08-02 02:00;20.67;79.5;0;0.1;400;101.3
2012-08-02 03:00;20.41;80.7;0;0.172;400;101.3
2012-08-02 04:00;19.74;80.8;0;0.253;400;101.3
2012-08-02 05:00;19.47;80.9;4.44;0.288;400;101.3
2012-08-02 06:00;20.56;78.6;83.19;0.12;400;101.3
2012-08-02 07:00;23.32;61.49;237.78;0.427;400;101.3
2012-08-02 08:00;27.83;33.85;441.11;0.742;400;101.3
2012-08-02 09:00;28.89;37.35;601.11;1.154;400;101.3
2012-08-02 10:00;30.22;33.82;729.17;1.084;400;101.3
2012-08-02 11:00;31.08;31.65;812.78;1.163;400;101.3
2012-08-02 12:00;31.06;36.65;853.89;1.845;400;101.3
2012-08-02 13:00;31.32;34.61;843.33;2.513;400;101.3
2012-08-02 14:00;30.44;36.3;783.06;2.762;400;101.3
2012-08-02 15:00;30.1;35.69;685.83;2.648;400;101.3
2012-08-02 16:00;29.43;28.6;536.94;2.314;400;101.3
2012-08-02 17:00;28.97;37.46;356.67;2.237;400;101.3
2012-08-02 18:00;27.96;40.24;175.69;1.945;400;101.3
2012-08-02 19:00;27.1;41.06;35.67;1.317;400;101.3
2012-08-02 20:00;27.4;38.3;0;1.053;400;101.3
2012-08-02 21:00;28.48;31.67;0;1.599;400;101.3
2012-08-02 22:00;28.14;31.53;0;1.452;400;101.3
2012-08-02 23:00;23.82;43.99;0;0.757;400;101.3
2012-08-03 00:00;22.34;47.18;0;0.234;400;101.3
2012-08-03 01:00;24.25;46.44;0;0.526;400;101.3
2012-08-03 02:00;23.18;48.68;0;0.289;400;101.3
2012-08-03 03:00;22.84;50.18;0;0.387;400;101.3
2012-08-03 04:00;21.08;49.91;0;0.506;400;101.3
2012-08-03 05:00;20.48;52.08;3.16;0.407;400;101.3
2012-08-03 06:00;23.39;46.94;71.36;0.488;400;101.3
2012-08-03 07:00;26.42;36.09;260.83;0.862;400;101.3
2012-08-03 08:00;28.02;30.18;438.89;1.205;400;101.3
2012-08-03 09:00;29.69;27;602.5;1.225;400;101.3
2012-08-03 10:00;30.62;25.3;709.17;1.145;400;101.3
2012-08-03 11:00;31.21;24.55;723.06;1.093;400;101.3
2012-08-03 12:00;32.61;23.33;858.61;1.33;400;101.3
2012-08-03 13:00;31.39;27.18;848.61;2.196;400;101.3
2012-08-03 14:00;31.46;28.87;785.56;2.531;400;101.3
2012-08-03 15:00;30.51;31.98;575.56;2.685;400;101.3
2012-08-03 16:00;30.91;33.67;485.83;2.434;400;101.3
2012-08-03 17:00;30.18;29.88;300.28;2.009;400;101.3
2012-08-03 18:00;32.89;24.68;205.56;1.484;400;101.3
2012-08-03 19:00;30.8;26.78;38.39;1.965;400;101.3
2012-08-03 20:00;28.18;23.4;0;1.434;400;101.3
2012-08-03 21:00;28.06;27.67;0;1.425;400;101.3
2012-08-03 22:00;26.93;29.5;0;1.137;400;101.3
2012-08-03 23:00;25.72;32.22;0;0.666;400;101.3
2012-08-04 00:00;24.38;35.27;0;0.282;400;101.3
2012-08-04 01:00;23.71;39.54;0;0.339;400;101.3
2012-08-04 02:00;22.5;44.9;0;0.251;400;101.3
2012-08-04 03:00;22.43;43.47;0;0.453;400;101.3
2012-08-04 04:00;21.76;45.17;0;0.505;400;101.3
2012-08-04 05:00;21.09;47.88;2.58;0.434;400;101.3
2012-08-04 06:00;22.92;44.09;70.19;0.491;400;101.3
2012-08-04 07:00;26.69;33.04;250.28;0.573;400;101.3
2012-08-04 08:00;28.76;29.51;431.94;1.001;400;101.3
2012-08-04 09:00;29.49;27.2;609.72;1.223;400;101.3
2012-08-04 10:00;29.6;22.93;682.78;1.229;400;101.3
2012-08-04 11:00;31.48;25.02;799.72;1.205;400;101.3
2012-08-04 12:00;31.8;27.38;844.44;1.875;400;101.3
2012-08-04 13:00;30.85;27.99;832.78;2.548;400;101.3
2012-08-04 14:00;30.64;28.93;780.56;2.529;400;101.3
2012-08-04 15:00;30.1;30.56;672.22;2.576;400;101.3
2012-08-04 16:00;29.5;34.35;522.5;2.618;400;101.3
2012-08-04 17:00;29.03;31.64;344.44;2.06;400;101.3
2012-08-04 18:00;27.56;39.56;142.17;1.734;400;101.3
2012-08-04 19:00;26.23;45.87;8.57;1.064;400;101.3
2012-08-04 20:00;25.64;40.67;0;0.781;400;101.3
2012-08-04 21:00;24.77;47.92;0;0.736;400;101.3
2012-08-04 22:00;23.97;52.12;0;0.599;400;101.3
2012-08-04 23:00;22.68;45.63;0;0.394;400;101.3
2012-08-05 00:00;22.09;61.01;0;0.366;400;101.3
2012-08-05 01:00;21.42;65.41;0;0.377;400;101.3
2012-08-05 02:00;21.76;76.9;0;0.499;400;101.3
2012-08-05 03:00;21.35;71.7;0;0.808;400;101.3
2012-08-05 04:00;21.69;63.72;0;0.762;400;101.3
2012-08-05 05:00;21.49;58.78;1.35;0.948;400;101.3
2012-08-05 06:00;22.3;49.64;85.92;1.081;400;101.3
2012-08-05 07:00;25.39;44.68;295.56;1.203;400;101.3
2012-08-05 08:00;26.19;41.96;427.5;1.498;400;101.3
2012-08-05 09:00;26.72;42.16;496.39;1.488;400;101.3
2012-08-05 10:00;27.66;42.02;451.39;1.461;400;101.3
2012-08-05 11:00;28.46;44.78;788.61;2.089;400;101.3
2012-08-05 12:00;26.76;49.78;843.61;2.948;400;101.3
2012-08-05 13:00;26.82;51.74;840;2.81;400;101.3
2012-08-05 14:00;26.41;54.37;775;2.84;400;101.3
2012-08-05 15:00;26.48;52.82;654.44;2.904;400;101.3
2012-08-05 16:00;25.41;59.53;245;2.088;400;101.3
2012-08-05 17:00;25.08;56.49;296.11;2.02;400;101.3
2012-08-05 18:00;25.09;51.42;154.08;1.181;400;101.3
2012-08-05 19:00;23.88;57.65;19.34;0.999;400;101.3
2012-08-05 20:00;23.22;61.93;0;0.646;400;101.3
2012-08-05 21:00;22.82;65.19;0;0.465;400;101.3
2012-08-05 22:00;23.63;59.16;0;0.669;400;101.3
2012-08-05 23:00;23.57;48.06;0;1.18;400;101.3
2012-08-06 00:00;22.01;47.53;0;1.041;400;101.3
2012-08-06 01:00;22.23;54.78;0;0.728;400;101.3
2012-08-06 02:00;21.49;56.14;0;0.486;400;101.3
2012-08-06 03:00;19.86;51.4;0;0.785;400;101.3
2012-08-06 04:00;18.92;56.62;0;1.02;400;101.3
2012-08-06 05:00;19.14;55.75;2.78;0.678;400;101.3
2012-08-06 06:00;19.81;53.85;34.42;1.66;400;101.3
2012-08-06 07:00;21.56;53.64;31.39;1.142;400;101.3
2012-08-06 08:00;17.77;72.1;28.81;0.943;400;101.3
2012-08-06 09:00;18.05;77.7;54.61;0.692;400;101.3
2012-08-06 10:00;19.2;75.5;192.17;0.98;400;101.3
2012-08-06 11:00;23.25;56.75;822.78;1.188;400;101.3
2012-08-06 12:00;25.98;44.26;863.89;1.016;400;101.3
2012-08-06 13:00;25.75;43.9;702.78;1.226;400;101.3
2012-08-06 14:00;27.51;47.22;644.72;1.581;400;101.3
2012-08-06 15:00;29.25;25.77;707.5;2.145;400;101.3
2012-08-06 16:00;29.52;25.22;555;2.446;400;101.3
2012-08-06 17:00;28.71;26.24;371.67;2.212;400;101.3
2012-08-06 18:00;27.7;27.66;181.69;2.132;400;101.3
2012-08-06 19:00;25.49;31.8;32.64;1.678;400;101.3
2012-08-06 20:00;24.23;34.72;0;1.629;400;101.3
2012-08-06 21:00;21.74;38.18;0;1.382;400;101.3
2012-08-06 22:00;21.62;47.4;0;1.817;400;101.3
2012-08-06 23:00;20.94;51.33;0;1.995;400;101.3
2012-08-07 00:00;19.6;48.76;0;1.285;400;101.3
2012-08-07 01:00;19.27;48.5;0;0.669;400;101.3
2012-08-07 02:00;18.87;51.21;0;1.033;400;101.3
2012-08-07 03:00;17.98;52.02;0;0.676;400;101.3
2012-08-07 04:00;17.18;54.68;0;0.549;400;101.3
2012-08-07 05:00;17.06;52.45;1.1;0.683;400;101.3
2012-08-07 06:00;19.22;46.15;66.67;0.683;400;101.3
2012-08-07 07:00;22.25;35.02;276.39;0.991;400;101.3
2012-08-07 09:00;27.21;23.76;628.33;0.93;400;101.3
2012-08-07 10:00;28.68;21.11;767.5;1.309;400;101.3
2012-08-07 11:00;29.27;20.77;861.67;1.49;400;101.3
2012-08-07 12:00;30.47;20.83;873.06;1.429;400;101.3
2012-08-07 13:00;29.44;24.34;849.44;2.281;400;101.3
2012-08-07 14:00;30.45;22.45;743.89;2.16;400;101.3
2012-08-07 15:00;32.14;14.06;500;1.658;400;101.3
2012-08-07 16:00;32.47;14.2;537.22;2.33;400;101.3
2012-08-07 17:00;32.67;14.4;386.39;1.753;400;101.3
2012-08-07 18:00;31.66;16.9;181.81;1.276;400;101.3
2012-08-07 19:00;28.24;32.33;26.58;0.401;400;101.3
2012-08-07 20:00;25.7;49.05;0;0.475;400;101.3
2012-08-07 21:00;24.7;43.18;0;0.527;400;101.3
2012-08-07 22:00;23.36;43.73;0;0.354;400;101.3
2012-08-07 23:00;22.7;45.3;0;0.429;400;101.3
2012-08-08 00:00;22.3;45.03;0;0.832;400;101.3
2012-08-08 01:00;21.76;45.57;0;1.035;400;101.3
2012-08-08 02:00;21.08;47.54;0;0.846;400;101.3
2012-08-08 03:00;20.82;48.42;0;0.793;400;101.3
2012-08-08 04:00;19.81;52.43;0;0.614;400;101.3
2012-08-08 05:00;19.14;54.46;0.33;0.341;400;101.3
2012-08-08 06:00;19.61;46.67;62.64;0.695;400;101.3
2012-08-08 07:00;23.39;41.18;268.89;0.673;400;101.3
2012-08-08 08:00;26.28;30.67;462.22;0.91;400;101.3
2012-08-08 09:00;28.16;23.82;631.11;1.02;400;101.3
2012-08-08 10:00;30.1;21.38;761.67;0.887;400;101.3
2012-08-08 11:00;29.33;21.78;849.17;1.207;400;101.3
2012-08-08 12:00;29.79;27.05;888.89;1.922;400;101.3
2012-08-08 13:00;30.59;24.61;881.11;2.078;400;101.3
2012-08-08 14:00;30.72;27.11;814.44;2.131;400;101.3
2012-08-08 15:00;30.58;27.72;700.56;2.299;400;101.3
2012-08-08 16:00;29.09;30.69;548.33;2.415;400;101.3
2012-08-08 17:00;28.97;32.72;357.78;1.929;400;101.3
2012-08-08 18:00;28.17;35.98;170.92;1.672;400;101.3
2012-08-08 19:00;25.28;50.19;23.36;1.038;400;101.3
2012-08-08 20:00;22.94;52.92;0;0.507;400;101.3
2012-08-08 21:00;22.28;54.09;0;0.282;400;101.3
2012-08-08 22:00;21.61;52.88;0;0.096;400;101.3
2012-08-08 23:00;21.08;49.16;0;0.132;400;101.3
2012-08-09 00:00;21.22;53.77;0;0.228;400;101.3
2012-08-09 01:00;19.88;49.04;0;0.087;400;101.3
2012-08-09 02:00;19.07;52.84;0;0.235;400;101.3
2012-08-09 03:00;18.59;55.21;0;0.082;400;101.3
2012-08-09 04:00;17.92;58.4;0;0.103;400;101.3
2012-08-09 05:00;18.2;57.05;1.48;0.291;400;101.3
2012-08-09 06:00;21.66;48.99;63.42;0.295;400;101.3
2012-08-09 07:00;26.37;37.86;260;0.426;400;101.3
2012-08-09 08:00;28.98;28.84;440.28;0.551;400;101.3
2012-08-09 09:00;30.58;23.01;608.33;1.025;400;101.3
2012-08-09 10:00;31.43;22.66;739.17;0.926;400;101.3
2012-08-09 11:00;33.04;19.68;803.06;1.107;400;101.3
2012-08-09 12:00;33.89;19.94;842.5;1.175;400;101.3
2012-08-09 13:00;33.94;21.29;816.67;2.031;400;101.3
2012-08-09 14:00;34.89;20.28;776.94;1.902;400;101.3
2012-08-09 15:00;34.61;20.14;673.06;2.018;400;101.3
2012-08-09 16:00;34.88;20.14;514.72;1.789;400;101.3
2012-08-09 17:00;34.27;21.56;313.89;1.573;400;101.3
2012-08-09 18:00;32.25;21.29;165.39;1.709;400;101.3
2012-08-09 19:00;29.98;26.24;23.25;0.827;400;101.3
2012-08-09 20:00;27.85;33.08;0;0.308;400;101.3
2012-08-09 21:00;26.99;38.44;0;0.106;400;101.3
2012-08-09 22:00;25.38;41.49;0;0.191;400;101.3
2012-08-09 23:00;24.58;30.26;0;0.172;400;101.3
2012-08-10 00:00;24.44;39.13;0;0.422;400;101.3
2012-08-10 01:00;23.85;41.3;0;0.518;400;101.3
2012-08-10 02:00;22.57;47;0;0.419;400;101.3
2012-08-10 03:00;22.03;49.16;0;0.248;400;101.3
2012-08-10 04:00;20.28;47.88;0;0.318;400;101.3
2012-08-10 05:00;19.34;51.35;0.18;0.187;400;101.3
2012-08-10 06:00;23.54;45.05;60.36;0.275;400;101.3
2012-08-10 07:00;28.19;29.59;261.94;0.342;400;101.3
2012-08-10 08:00;30.18;23.28;450.56;0.789;400;101.3
2012-08-10 09:00;31.92;20.43;620.28;1.28;400;101.3
2012-08-10 10:00;33.18;17.65;758.33;1.568;400;101.3
2012-08-10 11:00;34.11;16.57;841.94;1.519;400;101.3
2012-08-10 12:00;35.5;14.94;873.33;1.357;400;101.3
2012-08-10 13:00;36.43;16.02;850;1.15;400;101.3
2012-08-10 14:00;35.47;16.89;785.56;2.177;400;101.3
2012-08-10 15:00;35.14;17.09;676.39;2.042;400;101.3
2012-08-10 16:00;35.34;16.76;526.94;1.97;400;101.3
2012-08-10 17:00;33.93;18.18;348.33;2.081;400;101.3
2012-08-10 18:00;32.32;22.57;162.03;1.538;400;101.3
2012-08-10 19:00;30.12;26.64;20.28;0.901;400;101.3
2012-08-10 20:00;27.85;32.74;0;0.161;400;101.3
2012-08-10 21:00;26.04;38.3;0;0.082;400;101.3
2012-08-10 22:00;25.93;38.24;0;0.177;400;101.3
2012-08-10 23:00;25.05;40.55;0;0.237;400;101.3
2012-08-11 00:00;24.38;44.34;0;0.283;400;101.3
2012-08-11 01:00;24.05;47.39;0;0.566;400;101.3
2012-08-11 02:00;22.77;44.62;0;0.529;400;101.3
2012-08-11 03:00;21.55;47.81;0;0.355;400;101.3
2012-08-11 04:00;20.74;51.06;0;0.447;400;101.3
2012-08-11 05:00;19.87;52.29;0.55;0.311;400;101.3
2012-08-11 06:00;22.99;49.85;62.03;0.568;400;101.3
2012-08-11 07:00;26.02;36.36;246.39;0.561;400;101.3
2012-08-11 08:00;28.5;28.83;431.94;1.264;400;101.3
2012-08-11 09:00;30.37;25.04;590;1.414;400;101.3
2012-08-11 10:00;32.44;18.06;723.61;1.169;400;101.3
2012-08-11 11:00;33.23;16.36;809.44;1.056;400;101.3
2012-08-11 12:00;34.42;13.99;846.67;1.124;400;101.3
2012-08-11 13:00;31.98;30.82;832.78;2.351;400;101.3
2012-08-11 14:00;31.71;29.2;765;2.322;400;101.3
2012-08-11 15:00;31.71;28.73;655.28;2.441;400;101.3
2012-08-11 16:00;32.53;22.65;499.72;2.181;400;101.3
2012-08-11 17:00;32.67;19.47;315.28;1.621;400;101.3
2012-08-11 18:00;31.46;24.41;139.03;1.132;400;101.3
2012-08-11 19:00;28.91;38.82;19.61;1.331;400;101.3
2012-08-11 20:00;27.92;29.76;0;1.529;400;101.3
2012-08-11 21:00;27.67;29.98;0;1.415;400;101.3
2012-08-11 22:00;27.74;47.91;0;1.018;400;101.3
2012-08-11 23:00;27.26;35.19;0;2.25;400;101.3
2012-08-12 00:00;26.32;40.95;0;1.955;400;101.3
2012-08-12 01:00;25.65;40.27;0;1.312;400;101.3
2012-08-12 02:00;23.9;46.57;0;0.634;400;101.3
2012-08-12 03:00;24.11;42.78;0;1.458;400;101.3
2012-08-12 04:00;22.82;36.29;0;1.457;400;101.3
2012-08-12 05:00;23.17;42.79;0;0.818;400;101.3
2012-08-12 06:00;22.84;45.5;26.97;0.674;400;101.3
2012-08-12 07:00;24.32;47.19;121.14;0.831;400;101.3
2012-08-12 08:00;26.68;37.3;311.11;1.088;400;101.3
2012-08-12 09:00;28.96;31.26;409.72;0.767;400;101.3
2012-08-12 10:00;29.27;28.01;406.94;0.983;400;101.3
2012-08-12 11:00;31.62;24.75;781.94;1.094;400;101.3
2012-08-12 12:00;31.47;25.43;569.17;1.346;400;101.3
2012-08-12 13:00;32.67;22.71;825.83;1.806;400;101.3
2012-08-12 14:00;33.41;21.9;770.56;2.102;400;101.3
2012-08-12 15:00;33.27;21.97;656.39;1.959;400;101.3
2012-08-12 16:00;32.86;23.18;507.78;2.239;400;101.3
2012-08-12 17:00;31.92;25.01;340.28;2.262;400;101.3
2012-08-12 18:00;29.57;28.33;143.86;2.536;400;101.3
2012-08-12 19:00;27.97;31.52;21.47;2.056;400;101.3
2012-08-12 20:00;26.71;33.9;0;1.724;400;101.3
2012-08-12 21:00;25.78;36.61;0;0.959;400;101.3
2012-08-12 22:00;24.71;40.54;0;0.612;400;101.3
2012-08-12 23:00;24.17;41.77;0;0.519;400;101.3
2012-08-13 00:00;23.5;44.75;0;0.418;400;101.3
2012-08-13 01:00;22.97;47.94;0;0.119;400;101.3
2012-08-13 02:00;22.98;47.06;0;0.306;400;101.3
2012-08-13 03:00;22.84;47.06;0;0.412;400;101.3
2012-08-13 04:00;21.62;50.79;0;0.347;400;101.3
2012-08-13 05:00;20.41;46.52;0;0.458;400;101.3
2012-08-13 06:00;20.89;47;47.53;0.642;400;101.3
2012-08-13 07:00;23.45;45.37;146.03;0.642;400;101.3
2012-08-13 08:00;26.82;30.26;435.56;1.123;400;101.3
2012-08-13 09:00;27.81;29.3;495.83;1.221;400;101.3
2012-08-13 10:00;29.21;27.06;668.89;1.294;400;101.3
2012-08-13 11:00;29.94;25.84;745.28;1.074;400;101.3
2012-08-13 12:00;30.93;25.56;812.5;1.18;400;101.3
2012-08-13 13:00;31.12;25.76;855;2.326;400;101.3
2012-08-13 14:00;29.97;26.57;652.22;2.284;400;101.3
2012-08-13 15:00;29.71;22.38;621.39;2.389;400;101.3
2012-08-13 16:00;30.92;24.88;488.89;2.036;400;101.3
2012-08-13 17:00;30.32;26.57;317.22;1.731;400;101.3
2012-08-13 18:00;28.71;30.43;140.47;1.695;400;101.3
2012-08-13 19:00;27.04;33.42;22.14;1.213;400;101.3
2012-08-13 20:00;25.3;46.69;0;1.145;400;101.3
2012-08-13 21:00;24.5;41.62;0;0.859;400;101.3
2012-08-13 22:00;23.36;45.49;0;0.283;400;101.3
2012-08-13 23:00;21.68;48.82;0;0.282;400;101.3
2012-08-14 00:00;21.82;53.83;0;0.232;400;101.3
2012-08-14 01:00;20.81;47.88;0;0.428;400;101.3
2012-08-14 02:00;20.82;53.1;0;0.129;400;101.3
2012-08-14 03:00;19.95;47.82;0;0.308;400;101.3
2012-08-14 04:00;20.49;53.18;0;0.256;400;101.3
2012-08-14 05:00;18.66;52.9;0;0.03;400;101.3
2012-08-14 06:00;21.17;46.94;52.08;0.055;400;101.3
2012-08-14 07:00;25.15;42.32;222.22;0.363;400;101.3
2012-08-14 08:00;27.29;36.96;416.67;1.02;400;101.3
2012-08-14 09:00;29.03;32.89;585;1.181;400;101.3
2012-08-14 10:00;30.36;29.7;712.78;1.359;400;101.3
2012-08-14 11:00;29.93;29.76;806.67;1.948;400;101.3
2012-08-14 12:00;29.45;27.93;847.5;2.415;400;101.3
2012-08-14 13:00;30.18;29.48;835.28;2.588;400;101.3
2012-08-14 14:00;30.05;28.94;770.56;2.505;400;101.3
2012-08-14 15:00;29.23;28.6;654.17;2.454;400;101.3
2012-08-14 16:00;29.51;35.09;503.33;2.184;400;101.3
2012-08-14 17:00;28.42;47.33;320;1.865;400;101.3
2012-08-14 18:00;26.82;57.69;138.94;1.526;400;101.3
2012-08-14 19:00;24.61;62.51;15.25;1.071;400;101.3
2012-08-14 20:00;23.75;61.11;0;0.685;400;101.3
2012-08-14 21:00;23.56;64.44;0;0.483;400;101.3
2012-08-14 22:00;23.16;72.4;0;0.572;400;101.3
2012-08-14 23:00;22.55;73.9;0;0.658;400;101.3
2012-08-15 00:00;22.08;74.9;0;0.563;400;101.3
2012-08-15 01:00;22.36;77.5;0;0.474;400;101.3
2012-08-15 02:00;21.88;75.1;0;0.569;400;101.3
2012-08-15 03:00;22.16;79.4;0;0.71;400;101.3
2012-08-15 04:00;21.49;79.7;0;0.494;400;101.3
2012-08-15 05:00;21.01;79.8;0;0.597;400;101.3
2012-08-15 06:00;22.03;77.3;43.39;0.736;400;101.3
2012-08-15 07:00;22.7;74.3;79.28;1.214;400;101.3
2012-08-15 08:00;23.5;69.52;125.11;1.309;400;101.3
2012-08-15 09:00;24.98;68.03;203.61;1.931;400;101.3
2012-08-15 10:00;26.39;60.02;532.78;2.784;400;101.3
2012-08-15 11:00;26.04;60.83;481.94;2.437;400;101.3
2012-08-15 12:00;25.89;62.24;452.22;2.573;400;101.3
2012-08-15 13:00;26.09;61.15;535.28;2.698;400;101.3
2012-08-15 14:00;25.69;65.41;411.39;2.766;400;101.3
2012-08-15 15:00;26.09;63.59;336.39;2.901;400;101.3
2012-08-15 16:00;25.75;68.32;286.94;2.705;400;101.3
2012-08-15 17:00;24.68;70.2;89.28;2.214;400;101.3
2012-08-15 18:00;24.22;69.43;8.6;1.595;400;101.3
2012-08-15 19:00;24.16;75.5;0.44;1.261;400;101.3
2012-08-15 20:00;24.91;73.4;0;0.837;400;101.3
2012-08-15 21:00;24.58;74.3;0;0.663;400;101.3
2012-08-15 22:00;23.77;79.1;0;0.326;400;101.3
2012-08-15 23:00;23.16;60.92;0;0.781;400;101.3
2012-08-16 00:00;22.89;55.51;0;0.747;400;101.3
2012-08-16 01:00;22.68;51.18;0;0.689;400;101.3
2012-08-16 02:00;22.28;53.55;0;0.374;400;101.3
2012-08-16 03:00;21.48;55.59;0;0.285;400;101.3
2012-08-16 04:00;20.88;57.63;0;0.348;400;101.3
2012-08-16 05:00;20.4;58.85;0;0.346;400;101.3
2012-08-16 06:00;21.49;54.92;56.44;0.489;400;101.3
2012-08-16 07:00;23.11;45.03;228.89;0.968;400;101.3
2012-08-16 08:00;27.02;33.58;405.28;0.724;400;101.3
2012-08-16 09:00;28.62;27.88;580.56;0.874;400;101.3
2012-08-16 10:00;29.27;27.67;701.11;1.305;400;101.3
2012-08-16 11:00;30.27;24.15;806.67;1.488;400;101.3
2012-08-16 12:00;31.47;21.98;854.72;1.24;400;101.3
2012-08-16 13:00;31.39;24;843.89;1.655;400;101.3
2012-08-16 14:00;32.33;24;771.94;1.85;400;101.3
2012-08-16 15:00;31.85;24.4;662.5;2.04;400;101.3
2012-08-16 16:00;31.78;22.64;509.44;2.054;400;101.3
2012-08-16 17:00;31.18;24.74;328.33;1.857;400;101.3
2012-08-16 18:00;29.77;24.88;144.69;1.826;400;101.3
2012-08-16 19:00;27.3;29.42;12.98;1.314;400;101.3
2012-08-16 20:00;25.98;37.22;0;0.978;400;101.3
2012-08-16 21:00;24.57;36.55;0;0.665;400;101.3
2012-08-16 22:00;23.23;40.07;0;0.326;400;101.3
2012-08-16 23:00;22.57;48.28;0;0.332;400;101.3
2012-08-17 00:00;21.76;50.79;0;0.336;400;101.3
2012-08-17 01:00;20.14;47.95;0;0.271;400;101.3
2012-08-17 02:00;19.27;52.5;0;0.135;400;101.3
2012-08-17 03:00;18.59;55.82;0;0.108;400;101.3
2012-08-17 04:00;19.07;51.69;0;0.32;400;101.3
2012-08-17 05:00;18.2;55.08;0;0.263;400;101.3
2012-08-17 06:00;20.44;50.21;53.92;0.097;400;101.3
2012-08-17 07:00;24;35.83;238.89;0.467;400;101.3
2012-08-17 08:00;27.22;34.12;425.56;0.8;400;101.3
2012-08-17 09:00;28.76;31.13;591.67;1.154;400;101.3
2012-08-17 10:00;30.09;31.05;721.67;1.22;400;101.3
2012-08-17 11:00;31.48;28;805.56;1.286;400;101.3
2012-08-17 12:00;31.81;28.06;840.56;1.492;400;101.3
2012-08-17 13:00;31.93;25.69;831.67;1.893;400;101.3
2012-08-17 14:00;31.99;25.01;774.44;2.233;400;101.3
2012-08-17 15:00;31.85;24.4;662.5;2.276;400;101.3
2012-08-17 16:00;30.57;28.59;508.06;2.278;400;101.3
2012-08-17 17:00;29.97;30.08;321.39;1.958;400;101.3
2012-08-17 18:00;29.1;30.22;136.17;1.388;400;101.3
2012-08-17 19:00;27.1;34.97;11.22;0.746;400;101.3
2012-08-17 20:00;25.23;48.18;0;0.414;400;101.3
2012-08-17 21:00;23.02;65.66;0;0.437;400;101.3
2012-08-17 22:00;22.14;69.66;0;0.061;400;101.3
2012-08-17 23:00;21.76;72;0;0.008;400;101.3
2012-08-18 00:00;21.01;64.74;0;0.016;400;101.3
2012-08-18 01:00;20.74;64.94;0;0.164;400;101.3
2012-08-18 02:00;21.22;65.62;0;0.448;400;101.3
2012-08-18 03:00;20.54;62.1;0;0.464;400;101.3
2012-08-18 04:00;19.86;66.16;0;0.24;400;101.3
2012-08-18 05:00;19.67;72.2;0;0.389;400;101.3
2012-08-18 06:00;20.62;60.08;51.83;0.384;400;101.3
2012-08-18 07:00;23.32;47.2;206.39;0.659;400;101.3
2012-08-18 08:00;27.63;43.12;383.61;0.812;400;101.3
2012-08-18 09:00;29.7;33.43;545.83;1.2;400;101.3
2012-08-18 10:00;30.22;29.49;676.11;1.295;400;101.3
2012-08-18 11:00;32.63;28;762.78;1.389;400;101.3
2012-08-18 12:00;32.61;26.77;802.5;1.849;400;101.3
2012-08-18 13:00;32.06;29.61;787.5;2.046;400;101.3
2012-08-18 14:00;32.39;26.5;721.67;1.985;400;101.3
2012-08-18 15:00;31.65;30.15;607.78;2;400;101.3
2012-08-18 16:00;31.51;29.61;455.56;1.877;400;101.3
2012-08-18 17:00;30.78;30.42;278.06;1.737;400;101.3
2012-08-18 18:00;29.51;35.03;108.69;1.315;400;101.3
2012-08-18 19:00;27.3;48.77;10.56;0.726;400;101.3
2012-08-18 20:00;25.3;49.33;0;0.56;400;101.3
2012-08-18 21:00;24.09;52.18;0;0.249;400;101.3
2012-08-18 22:00;23.02;54.29;0;0.146;400;101.3
2012-08-18 23:00;22.42;61.07;0;0.119;400;101.3
2012-08-19 00:00;22.03;60.81;0;0.25;400;101.3
2012-08-19 01:00;21.42;60.88;0;0.311;400;101.3
2012-08-19 02:00;20.61;60.88;0;0.218;400;101.3
2012-08-19 03:00;20.28;61.29;0;0.507;400;101.3
2012-08-19 04:00;20.14;62.24;0;0.417;400;101.3
2012-08-19 05:00;19.54;62.93;0;0.252;400;101.3
2012-08-19 06:00;20.69;55.48;49.25;0.424;400;101.3
2012-08-19 07:00;25.48;47.33;198.89;0.367;400;101.3
2012-08-19 08:00;28.37;38.45;370.56;0.632;400;101.3
2012-08-19 09:00;29.5;31.87;532.78;1.122;400;101.3
2012-08-19 10:00;30.96;30.58;658.33;1.112;400;101.3
2012-08-19 11:00;31.48;29.82;748.33;1.37;400;101.3
2012-08-19 12:00;32.41;27.18;789.44;1.68;400;101.3
2012-08-19 13:00;32.26;21.9;775.28;1.59;400;101.3
2012-08-19 14:00;32.05;28.79;686.39;2.104;400;101.3
2012-08-19 15:00;31.44;28.25;565;2.213;400;101.3
2012-08-19 16:00;29.43;28.66;448.06;1.986;400;101.3
2012-08-19 17:00;29.3;33.27;213.06;1.674;400;101.3
2012-08-19 18:00;26.55;43.55;92.36;1.384;400;101.3
2012-08-19 19:00;25.42;48.3;9.85;0.947;400;101.3
2012-08-19 20:00;24.42;55.29;0;0.358;400;101.3
2012-08-19 21:00;23.63;55.1;0;0.122;400;101.3
2012-08-19 22:00;23.02;55.85;0;0.215;400;101.3
2012-08-19 23:00;22.69;57.89;0;0.153;400;101.3
2012-08-20 00:00;22.09;59.52;0;0.176;400;101.3
2012-08-20 01:00;21.82;59.79;0;0.328;400;101.3
2012-08-20 02:00;20.94;63.72;0;0.36;400;101.3
2012-08-20 03:00;20.81;63.18;0;0.297;400;101.3
2012-08-20 04:00;20.2;64.47;0;0.358;400;101.3
2012-08-20 05:00;20.27;64.14;0;0.296;400;101.3
2012-08-20 06:00;21.62;60.74;47.22;0.383;400;101.3
2012-08-20 07:00;23.92;47.06;150.83;0.479;400;101.3
2012-08-20 08:00;27.69;43.46;315.83;0.448;400;101.3
2012-08-20 09:00;29.7;34.38;540;0.779;400;101.3
2012-08-20 10:00;31.36;29.97;672.78;1.112;400;101.3
2012-08-20 11:00;32.63;29.42;759.72;1.402;400;101.3
2012-08-20 12:00;32.81;30.29;794.44;1.377;400;101.3
2012-08-20 13:00;31.31;28.86;779.72;2.134;400;101.3
2012-08-20 14:00;31.98;30.21;716.11;1.998;400;101.3
2012-08-20 15:00;30.7;37.51;606.94;2.103;400;101.3
2012-08-20 16:00;29.28;51.84;453.89;2.101;400;101.3
2012-08-20 17:00;28.14;54.08;266.11;1.565;400;101.3
2012-08-20 18:00;27.28;61.67;76.86;1.189;400;101.3
2012-08-20 19:00;26.16;66.7;7.87;1.105;400;101.3
2012-08-20 20:00;25.43;71.5;0;0.552;400;101.3
2012-08-20 21:00;25.23;72.1;0;0.324;400;101.3
2012-08-20 22:00;24.77;73.2;0;0.306;400;101.3
2012-08-20 23:00;25.05;78.8;0;0.655;400;101.3
2012-08-21 00:00;24.24;76.7;0;0.294;400;101.3
2012-08-21 01:00;24.1;76.8;0;0.184;400;101.3
2012-08-21 02:00;23.97;79.6;0;0.223;400;101.3
2012-08-21 03:00;23.36;80.8;0;0.489;400;101.3
2012-08-21 04:00;22.75;80.4;0;0.179;400;101.3
2012-08-21 05:00;22.69;82.5;0;0.041;400;101.3
2012-08-21 06:00;22.7;79.3;44.08;0.179;400;101.3
2012-08-21 07:00;25.46;68.85;182.61;0.443;400;101.3
2012-08-21 08:00;28.62;55.42;355.56;0.67;400;101.3
2012-08-21 09:00;30.15;48.1;516.39;0.715;400;101.3
2012-08-21 10:00;32.09;39.29;641.67;0.946;400;101.3
2012-08-21 11:00;32.54;42.93;732.5;1.32;400;101.3
2012-08-21 12:00;32.8;35.35;781.11;1.872;400;101.3
2012-08-21 13:00;31.98;37.17;771.67;2.278;400;101.3
2012-08-21 14:00;31.78;39.2;704.72;2.204;400;101.3
2012-08-21 15:00;31.24;38.39;590;2.133;400;101.3
2012-08-21 16:00;31.04;35.48;439.72;2.082;400;101.3
2012-08-21 17:00;29.49;47.86;193.69;1.869;400;101.3
2012-08-21 18:00;29.99;52.68;109.22;1.304;400;101.3
2012-08-21 19:00;27.43;53.57;13.42;1.025;400;101.3
2012-08-21 20:00;26.98;67.72;0;0.702;400;101.3
2012-08-21 21:00;26.25;79.6;0;0.582;400;101.3
2012-08-21 22:00;25.78;73.4;0;0.302;400;101.3
2012-08-21 23:00;24.97;77.8;0;0.289;400;101.3
2012-08-22 00:00;25.79;79.7;0;0.21;400;101.3
2012-08-22 01:00;25.12;73.4;0;0.31;400;101.3
2012-08-22 02:00;24.11;76.4;0;0.135;400;101.3
2012-08-22 03:00;24.04;75.9;0;0.212;400;101.3
2012-08-22 04:00;24.65;74.1;0;0.228;400;101.3
2012-08-22 05:00;23.97;78.9;0;0.355;400;101.3
2012-08-22 06:00;24.44;79.3;36.08;0.203;400;101.3
2012-08-22 07:00;26.33;64.3;176.08;0.262;400;101.3
2012-08-22 08:00;28.69;51.97;351.39;0.581;400;101.3
2012-08-22 09:00;30.35;42.55;513.06;0.874;400;101.3
2012-08-22 10:00;33.38;47.34;651.11;1.295;400;101.3
2012-08-22 11:00;31.26;50.37;736.94;1.896;400;101.3
2012-08-22 12:00;32.13;54.15;777.22;2.277;400;101.3
2012-08-22 13:00;31.05;42.38;765.83;2.442;400;101.3
2012-08-22 14:00;31.31;39.41;700.28;2.318;400;101.3
2012-08-22 15:00;29.76;41.84;589.17;2.66;400;101.3
2012-08-22 16:00;30.44;52.46;431.67;2.124;400;101.3
2012-08-22 17:00;28.76;60.24;269.72;2.102;400;101.3
2012-08-22 18:00;27.22;61.06;99.78;1.342;400;101.3
2012-08-22 19:00;26.43;64.6;6.88;0.984;400;101.3
2012-08-22 20:00;25.77;71.3;0;0.908;400;101.3
2012-08-22 21:00;25.37;72.4;0;0.493;400;101.3
2012-08-22 22:00;26.12;71.5;0;0.456;400;101.3
2012-08-22 23:00;25.04;75.9;0;0.369;400;101.3
2012-08-23 00:00;25.58;80;0;0.313;400;101.3
2012-08-23 01:00;24.23;76.1;0;0.368;400;101.3
2012-08-23 02:00;24.85;74.1;0;0.226;400;101.3
2012-08-23 03:00;24.11;79.6;0;0.207;400;101.3
2012-08-23 04:00;23.43;79;0;0.304;400;101.3
2012-08-23 05:00;23.7;82.6;0;0.512;400;101.3
2012-08-23 06:00;23.02;79.9;19.04;0.38;400;101.3
2012-08-23 07:00;23.7;80;28.11;0.628;400;101.3
2012-08-23 08:00;25.19;72.4;110.11;0.836;400;101.3
2012-08-23 09:00;26.46;68.56;291.11;1.072;400;101.3
2012-08-23 10:00;27.26;61.57;404.17;1.469;400;101.3
2012-08-23 11:00;27.17;60.61;475.28;2.063;400;101.3
2012-08-23 12:00;27.91;60.47;478.61;2.044;400;101.3
2012-08-23 13:00;27.84;61.01;337.5;2.029;400;101.3
2012-08-23 14:00;27.63;62.83;459.72;2.084;400;101.3
2012-08-23 15:00;27.77;57.42;403.89;2.055;400;101.3
2012-08-23 16:00;27.62;52.48;379.17;2.195;400;101.3
2012-08-23 17:00;27.57;51.4;214.17;1.934;400;101.3
2012-08-23 18:00;26.49;62.1;92.17;1.586;400;101.3
2012-08-23 19:00;25.7;58.12;6.06;1.331;400;101.3
2012-08-23 20:00;25.44;64.22;0;1.195;400;101.3
2012-08-23 21:00;25.44;69.3;0;1.338;400;101.3
2012-08-23 22:00;25.11;68.7;0;0.829;400;101.3
2012-08-23 23:00;25.25;65.31;0;1.223;400;101.3
2012-08-24 00:00;25.45;71.1;0;1.213;400;101.3
2012-08-24 01:00;25.85;78;0;1.203;400;101.3
2012-08-24 02:00;25.11;75.1;0;0.896;400;101.3
2012-08-24 03:00;24.97;69.92;0;1.257;400;101.3
2012-08-24 04:00;25.04;77.8;0;0.861;400;101.3
2012-08-24 05:00;25.45;73;0;0.883;400;101.3
2012-08-24 06:00;24.7;71;37.03;1.216;400;101.3
2012-08-24 07:00;25.72;69.44;142.14;1.375;400;101.3
2012-08-24 08:00;26.86;70.4;313.33;2.003;400;101.3
2012-08-24 09:00;26.04;64.55;414.17;2.036;400;101.3
2012-08-24 10:00;27.51;60.21;565.83;2.137;400;101.3
2012-08-24 11:00;28.25;59.66;601.11;2.402;400;101.3
2012-08-24 12:00;27.7;53.43;686.11;2.735;400;101.3
2012-08-24 13:00;27.16;61.34;371.94;1.942;400;101.3
2012-08-24 14:00;27.7;68.99;291.11;2.394;400;101.3
2012-08-24 15:00;27.5;63.1;405.56;2.306;400;101.3
2012-08-24 16:00;27.37;61.95;272.5;2.105;400;101.3
2012-08-24 17:00;27.44;69.06;168.28;1.995;400;101.3
2012-08-24 18:00;26.36;70;50.14;1.55;400;101.3
2012-08-24 19:00;25.98;71.7;2.91;1.189;400;101.3
2012-08-24 20:00;25.78;72.7;0;1.03;400;101.3
2012-08-24 21:00;25.71;73.2;0;1.019;400;101.3
2012-08-24 22:00;25.71;73.4;0;1.028;400;101.3
2012-08-24 23:00;25.38;78.6;0;0.717;400;101.3
2012-08-25 00:00;25.11;75.3;0.02;0.51;400;101.3
2012-08-25 01:00;23.83;80.7;0;0.458;400;101.3
2012-08-25 02:00;23.02;77.6;0;0.298;400;101.3
2012-08-25 03:00;24.38;74.7;0;0.253;400;101.3
2012-08-25 04:00;23.5;81.2;0;0.26;400;101.3
2012-08-25 05:00;23.43;80.6;0;0.232;400;101.3
2012-08-25 06:00;23.5;80.3;22.33;0.319;400;101.3
2012-08-25 07:00;24.85;72.4;93.28;0.319;400;101.3
2012-08-25 08:00;26.4;56.04;259.72;0.531;400;101.3
2012-08-25 09:00;28.07;43.98;508.89;0.864;400;101.3
2012-08-25 10:00;29.13;42.28;662.5;1.166;400;101.3
2012-08-25 11:00;29.79;43.42;678.33;1.297;400;101.3
2012-08-25 12:00;29.91;43.48;786.11;1.624;400;101.3
2012-08-25 13:00;30.44;41.24;785;2.048;400;101.3
2012-08-25 14:00;30.04;39.21;594.72;2.383;400;101.3
2012-08-25 15:00;29.97;34.88;539.44;2.446;400;101.3
2012-08-25 16:00;30.04;35.09;428.06;2.794;400;101.3
2012-08-25 17:00;25.19;36.86;126.97;3.592;400;101.3
2012-08-25 18:00;25.42;38.23;85.28;3.36;400;101.3
2012-08-25 19:00;24.69;37.35;10.25;2.759;400;101.3
2012-08-25 20:00;24.09;38.71;0;2.539;400;101.3
2012-08-25 21:00;23.56;42.17;0;2.656;400;101.3
2012-08-25 22:00;22.95;46.17;0;2.766;400;101.3
2012-08-25 23:00;22.29;47.05;0;2.14;400;101.3
2012-08-26 00:00;22.03;45.98;0;2.299;400;101.3
2012-08-26 01:00;21.35;48.15;0;1.811;400;101.3
2012-08-26 02:00;19.93;44.29;0;1.543;400;101.3
2012-08-26 03:00;20.28;44.56;0;2.095;400;101.3
2012-08-26 04:00;19.88;45.93;0;2.019;400;101.3
2012-08-26 05:00;19.2;47.49;0;1.965;400;101.3
2012-08-26 06:00;18.46;43.49;50.39;1.793;400;101.3
2012-08-26 07:00;20.9;44.5;225;2.574;400;101.3
2012-08-26 08:00;22.57;36.43;420.56;2.839;400;101.3
2012-08-26 09:00;23.78;31.41;593.89;2.785;400;101.3
2012-08-26 10:00;25.12;27.89;731.94;2.619;400;101.3
2012-08-26 11:00;26.66;25.24;824.17;2.729;400;101.3
2012-08-26 12:00;27.31;23.54;863.89;2.992;400;101.3
2012-08-26 13:00;28.52;21.17;842.78;2.643;400;101.3
2012-08-26 14:00;28.98;20.15;767.22;2.294;400;101.3
2012-08-26 15:00;29.18;19.81;645.56;2.138;400;101.3
2012-08-26 16:00;29.51;20.08;481.67;1.859;400;101.3
2012-08-26 17:00;28.77;20.9;293.06;2.191;400;101.3
2012-08-26 18:00;27.36;23.54;105.33;1.699;400;101.3
2012-08-26 19:00;25.77;23.41;1.68;0.8;400;101.3
2012-08-26 20:00;24.5;25.72;0;0.845;400;101.3
2012-08-26 21:00;22.82;31.07;0;0.458;400;101.3
2012-08-26 22:00;21.76;32.57;0;0.529;400;101.3
2012-08-26 23:00;20.94;33.65;0;0.808;400;101.3
2012-08-27 00:00;19.74;38.88;0;0.469;400;101.3
2012-08-27 01:00;18.46;43.96;0;0.287;400;101.3
2012-08-27 02:00;17.94;45.2;0;0.73;400;101.3
2012-08-27 03:00;16.92;50.35;0;0.464;400;101.3
2012-08-27 04:00;15.56;48.65;0;0.504;400;101.3
2012-08-27 05:00;15.37;49.81;0;0.398;400;101.3
2012-08-27 06:00;17.47;49.95;50.94;0.364;400;101.3
2012-08-27 07:00;20.78;39.1;220.56;0.459;400;101.3
2012-08-27 08:00;24.41;27.36;413.06;0.675;400;101.3
2012-08-27 09:00;25.87;22;585.28;1.069;400;101.3
2012-08-27 10:00;27.2;19.96;722.5;1.098;400;101.3
2012-08-27 11:00;28.8;15.42;809.44;0.952;400;101.3
2012-08-27 12:00;29.73;14.74;846.67;1.178;400;101.3
2012-08-27 13:00;29.71;20.42;826.94;1.508;400;101.3
2012-08-27 14:00;29.91;18.53;760.28;1.825;400;101.3
2012-08-27 15:00;29.56;20.96;638.33;1.745;400;101.3
2012-08-27 16:00;27.68;25.63;476.67;2.136;400;101.3
2012-08-27 17:00;26.75;29.69;289.72;1.92;400;101.3
2012-08-27 18:00;24.87;39.57;101;1.616;400;101.3
2012-08-27 19:00;23.54;40.47;0.84;0.571;400;101.3
2012-08-27 20:00;22.41;45.83;0;0.084;400;101.3
2012-08-27 21:00;21.21;48.14;0;0.041;400;101.3
2012-08-27 22:00;22.64;54.78;0;0.304;400;101.3
2012-08-27 23:00;22.09;51.05;0;0.506;400;101.3
2012-08-28 00:00;21.88;54.03;0;0.625;400;101.3
2012-08-28 01:00;21.21;60.47;0;0.638;400;101.3
2012-08-28 02:00;20.81;62.23;0;0.552;400;101.3
2012-08-28 03:00;20.67;61.76;0;0.55;400;101.3
2012-08-28 04:00;20.67;63.31;0;0.59;400;101.3
2012-08-28 05:00;20.34;71.2;0;0.604;400;101.3
2012-08-28 06:00;20.61;80.4;3.73;1.051;400;101.3
2012-08-28 07:00;18.72;79.4;17.55;2.036;400;101.3
2012-08-28 08:00;19.61;76.6;135;2.187;400;101.3
2012-08-28 09:00;19.87;74.2;106.5;1.466;400;101.3
2012-08-28 10:00;20.13;70.8;97.17;1.208;400;101.3
2012-08-28 11:00;21.08;69.48;150.42;1.045;400;101.3
2012-08-28 12:00;23.36;58.29;428.61;1.216;400;101.3
2012-08-28 13:00;24.43;53.94;490.56;1.247;400;101.3
2012-08-28 14:00;25.43;51.76;549.72;1.445;400;101.3
2012-08-28 15:00;25.96;48.17;435.28;1.409;400;101.3
2012-08-28 16:00;26.36;54.93;383.61;1.345;400;101.3
2012-08-28 17:00;25.35;53.44;225.56;1.152;400;101.3
2012-08-28 18:00;24.48;61.57;57.64;0.845;400;101.3
2012-08-28 19:00;23.68;64.43;1.65;0.684;400;101.3
2012-08-28 20:00;22.62;74.1;0;0.5;400;101.3
2012-08-28 21:00;21.87;65.12;0;0.4;400;101.3
2012-08-28 22:00;21.82;65.48;0;0.293;400;101.3
2012-08-28 23:00;21.21;71.3;0;0.755;400;101.3
2012-08-29 00:00;20.94;71.6;0;0.302;400;101.3
2012-08-29 01:00;21.01;64.53;0;0.291;400;101.3
2012-08-29 02:00;20.94;65.48;0;0.455;400;101.3
2012-08-29 03:00;20.88;65.08;0;0.443;400;101.3
2012-08-29 04:00;20.54;70.8;0;0.42;400;101.3
2012-08-29 05:00;20.74;69.21;0;0.494;400;101.3
2012-08-29 06:00;21.15;66.84;18.36;0.321;400;101.3
2012-08-29 07:00;21.55;62.43;80.92;0.604;400;101.3
2012-08-29 08:00;21.95;60.67;80.47;0.59;400;101.3
2012-08-29 09:00;22.62;66.21;168;1.072;400;101.3
2012-08-29 10:00;23.83;66.61;135.39;0.785;400;101.3
2012-08-29 11:00;24.71;62.34;406.39;1.615;400;101.3
2012-08-29 12:00;24.83;63.61;266.11;1.441;400;101.3
2012-08-29 13:00;24.63;68.75;188.69;1.216;400;101.3
2012-08-29 14:00;25.43;61.04;451.94;1.609;400;101.3
2012-08-29 15:00;25.69;61.76;503.89;1.938;400;101.3
2012-08-29 16:00;25.08;63.25;326.11;1.942;400;101.3
2012-08-29 17:00;24.74;68.06;173.08;1.438;400;101.3
2012-08-29 18:00;23.68;72.9;62.03;1.484;400;101.3
2012-08-29 19:00;23.28;76.2;0.16;0.653;400;101.3
2012-08-29 20:00;24.04;74;0;0.516;400;101.3
2012-08-29 21:00;23.43;79.9;0;0.757;400;101.3
2012-08-29 22:00;23.29;80.1;0;0.254;400;101.3
2012-08-29 23:00;23.02;79.9;0;0.274;400;101.3
2012-08-30 00:00;23.23;80.1;0;0.405;400;101.3
2012-08-30 01:00;22.82;80.4;0;0.52;400;101.3
2012-08-30 02:00;20.59;76.2;0;1.065;400;101.3
2012-08-30 03:00;19.12;83.5;0;1.311;400;101.3
2012-08-30 04:00;18.78;83;0;0.585;400;101.3
2012-08-30 05:00;19.2;79.1;0;0.439;400;101.3
2012-08-30 06:00;18.59;83;9.29;0.406;400;101.3
2012-08-30 07:00;20.42;79.5;111.06;0.223;400;101.3
2012-08-30 08:00;20;77.7;145.28;0.883;400;101.3
2012-08-30 09:00;20.94;68.12;177.39;1.072;400;101.3
2012-08-30 10:00;21.82;62.97;206.67;0.963;400;101.3
2012-08-30 11:00;23.36;56.05;254.44;0.432;400;101.3
2012-08-30 12:00;25.99;41.83;462.78;1.213;400;101.3
2012-08-30 13:00;28.2;38.43;702.5;1.224;400;101.3
2012-08-30 14:00;27.3;28.27;525.83;1.109;400;101.3
2012-08-30 15:00;26.28;29.29;430.83;1.827;400;101.3
2012-08-30 16:00;27.24;32.2;366.67;1.78;400;101.3
2012-08-30 17:00;25.69;38.43;109.11;1.165;400;101.3
2012-08-30 18:00;24.62;38.3;91.75;2.359;400;101.3
2012-08-30 19:00;23.69;34.05;2.51;2.482;400;101.3
2012-08-30 20:00;22.82;33.58;0;2.019;400;101.3
2012-08-30 21:00;22.35;36.9;0;2.12;400;101.3
2012-08-30 22:00;20.67;36.43;0;2.038;400;101.3
2012-08-30 23:00;19.25;48.21;0;2.005;400;101.3
2012-08-31 00:00;19.67;57.5;0;2.104;400;101.3
2012-08-31 01:00;18.59;49.79;0;1.93;400;101.3
2012-08-31 02:00;19;52.09;0;1.712;400;101.3
2012-08-31 03:00;17.58;47.69;0;2.163;400;101.3
2012-08-31 04:00;18.26;50.4;0;2.063;400;101.3
2012-08-31 05:00;17.05;48.31;0;2.233;400;101.3
2012-08-31 06:00;17.32;46.34;39.61;2.88;400;101.3
2012-08-31 07:00;19.41;46;208.89;2.796;400;101.3
2012-08-31 08:00;19.68;35.56;408.33;3.151;400;101.3
2012-08-31 09:00;21.62;29.12;593.06;3.461;400;101.3
2012-08-31 10:00;22.84;29.25;750.56;3.598;400;101.3
2012-08-31 11:00;23.35;30.12;807.5;2.666;400;101.3
2012-08-31 12:00;23.61;22.26;567.5;2.041;400;101.3
2012-08-31 13:00;23.54;28.49;613.89;2.222;400;101.3
2012-08-31 14:00;24.29;26.8;768.33;2.857;400;101.3
2012-08-31 15:00;23.68;24.09;318.06;1.835;400;101.3
2012-08-31 16:00;24.7;19.22;299.72;1.872;400;101.3
2012-08-31 17:00;23.41;17.93;278.89;2.508;400;101.3
2012-08-31 18:00;21.59;19.7;85.75;2.095;400;101.3
2012-08-31 19:00;19.65;26.54;0;1.545;400;101.3
2012-08-31 20:00;18.72;27.77;0;1.424;400;101.3
2012-08-31 21:00;17.98;31.84;0;1.549;400;101.3
2012-08-31 22:00;16.24;31.71;0;1.172;400;101.3
2012-08-31 23:00;15.5;35.44;0;1.504;400;101.3
